:020000040800F2
:10000000C01F002481030008EB8D0008D56D000897
:10001000E98D000801120008C19D000800000000E1
:100020000000000000000000000000002192000815
:100030009517000800000000318E00088592000826
:100040009B0300089B0300089B0300089B03000818
:100050009B0300089B0300089B0300089B03000808
:100060009B0300089B0300089B030008591200082B
:1000700065120008711200087D120008891200083C
:1000800095120008A11200089B030008AD18000893
:10009000B91800089B0300089B0300089B03000895
:1000A0009B0300089B0300089B0300089B030008B8
:1000B0009B0300089B0300089B0300089B030008A8
:1000C0009B0300089B0300089B030008B5900008F1
:1000D0009B030008919D00089D9D0008A99D0008B4
:1000E0009B0300089B030008000000009B0300081E
:1000F0009B030008659400089B030008AD120008EC
:100100009B0300089B0300089B0300089B03000857
:100110007D950008899500089B0300089B03000853
:10012000B9120008C5120008D1120008DD1200083B
:10013000E91200089B0300089B0300089B030008CA
:1001400000000000000000000000000000000000AF
:10015000F51200089B0300089B030008B59D0008EA
:100160009B0300089B0300089B0300089B030008F7
:100170009B0300089B0300089B0300089B030008E7
:100180009B0300089B030008959500089B0300084B
:100190009B0300089B0300089B0300089B030008C7
:1001A0009B0300089B0300089B0300089B030008B7
:1001B0009B0300089B0300089B0300089B030008A7
:1001C0009B0300089B0300089B0300089B03000897
:1001D0009B0300089B0300089B0300089B03000887
:1001E0009B0300089B0300089B0300089B03000877
:1001F0009B0300089B0300089B0300089B03000867
:100200009B0300089B0300089B0300089B03000856
:100210009B0300089B0300089B0300089B03000846
:100220009B0300089B0300089B03000800000000DC
:100230009B0300089B030008000000009B030008CC
:100240009B0300089B0300089B0300089B03000816
:100250009B0300089B0300089B0300089B03000806
:100260009B0300089B0300089B0300089B030008F6
:100270009B0300089B0300089B030008000000008C
:100280009B0300089B0300089B030008000000007C
:10029000000000009B03000800F002F800F060F886
:1002A0000AA090E8000C82448344AAF10107DA45D1
:1002B00001D100F055F8AFF2090EBAE80F0013F0C3
:1002C000010F18BFFB1A43F00103184734B20000B6
:1002D00054B200000A444FF0000C10F8013B13F038
:1002E000070408BF10F8014B1D1108BF10F8015B8F
:1002F000641E05D010F8016B641E01F8016BF9D182
:1003000013F0080F1EBF10F8014BAD1C0C1B09D1D8
:100310006D1E58BF01F801CBFAD505E014F8016B4A
:1003200001F8016B6D1EF9D59142D6D370470000DC
:100330000023002400250026103A28BF78C1FBD8EE
:10034000520728BF30C148BF0B6070471FB50AF085
:100350007BFF9DE8030000F073F91FBD10B510BDD1
:1003600000F000FA1146FFF7F1FF0AF02BFF00F052
:100370001EFA03B4FFF7F2FF03BC00F04FFA0000CF
:100380000948804709480047FEE7FEE7FEE7FEE729
:10039000FEE7FEE7FEE7FEE7FEE7FEE70448054965
:1003A000054A064B70470000659300089902000853
:1003B000C0130024C01F0024C01B0024C01B002445
:1003C00070B5064600F020F9056806F10B0020F034
:1003D0000704B4429CBF002070BD2B466A68BAB1C6
:1003E0001068A04210D304F1080188423CBF506855
:1003F000586007D35168101941601168091B0160EA
:1004000058601460101D70BD13465268002AE7D171
:100410002146284600F000F90028DED170BD53EADD
:10042000020C00F069802DE9F04B4FF00006002B24
:100430001FBFB3FA83F503FA05F424FA05F65E400C
:1004400012BF1643B2FA82F502FA05F4C5F120058F
:100450001EBF22FA05FC44EA0C04203556EA044C7F
:100460004FEA144418BF641C4FF000084FF0000915
:10047000904271EB030C39D3002919BFB1FA81F70F
:1004800001FA07F6B0FA80F700FA07F6C7F120077D
:100490001EBF20FA07FC46EA0C062037B6FBF4FC28
:1004A000A7EB0507103F07F01F0BCBF120060CFA56
:1004B0000BFB2CFA06F644BFB3460026202FA4BF40
:1004C0005E464FF0000B5BEA060C08BF4FF0010BD5
:1004D00019EB0B09ABFB027C48EB0608C01B06FBC3
:1004E00002CC0BFB03CC71EB0C01C1E70B460246BF
:1004F00041464846BDE8F08B13B54FF000004FF081
:100500000001AFF30080BDE81C40704710B5203AF1
:10051000C0F00B80B1E81850203AA0E81850B1E8BC
:100520001850A0E81850BFF4F5AF5FEA027C24BF72
:10053000B1E81850A0E8185044BF18C918C0BDE869
:1005400010405FEA827C24BF51F8043B40F8043B32
:1005500008BF7047D20728BF31F8023B48BF11F8E7
:10056000012B28BF20F8023B48BF00F8012B704741
:100570004FF000020429C0F0128010F0030C00F0CC
:100580001B80CCF1040CBCF1020F18BF00F8012B4A
:10059000A8BF20F8022BA1EB0C0100F00DB85FEA18
:1005A000C17C24BF00F8012B00F8012B48BF00F8E4
:1005B000012B70474FF0000200B513469446964653
:1005C000203922BFA0E80C50A0E80C50B1F1200166
:1005D000BFF4F7AF090728BFA0E80C5048BF0CC014
:1005E0005DF804EB890028BF40F8042B08BF704772
:1005F00048BF20F8022B11F0804F18BF00F8012BE4
:100600007047704770477047004870476813002470
:10061000704770477047704738B504460A46002057
:100620006946AFF30080002808BF38BD0246009934
:10063000204600F075F8012038BD012000F08AB88E
:10064000F8B5AFF30080054600200C46102000BF2F
:100650000646A819A0420DD9324669460020AFF3DC
:100660000080070008BF00F075F80098A04218BF8E
:100670000546C419FFF7C8FF05600746F01D20F0C6
:1006800007004619284600F00AF8B44208BFF8BD32
:10069000A21B31463868BDE8F84000F041B800219F
:1006A0000160C0E9011070471020704770B5044622
:1006B000051FFFF7A9FF0068002C14BF446870BD38
:1006C000002C18BFAC423CBF20466468F8D30168D8
:1006D0000A18AA4218BF456003D12A68054611448A
:1006E000016028684119A1421CBF6C6070BD61683F
:1006F000696021680844286070BD10B500F00CF8EE
:10070000006810BD10B5044600F006F8046010BD86
:1007100000487047601300240048704760130024AD
:10072000034640688C46002818BF88423CBF0346F9
:100730004068F8D318681844884207D00CF10300C9
:1007400020F00700001D411A521A0146081D0A60D8
:10075000FFF7ACBF10B500F039F8BDE8104000F06D
:100760002FB870477546FFF7D3FFAE4605006946C0
:10077000534620F00700854618B020B5FFF70EFE5F
:10078000BDE820404FF000064FF000074FF0000892
:100790004FF0000B21F00701AC46ACE8C009ACE813
:1007A000C009ACE8C009ACE8C0098D46704710B577
:1007B0000446AFF300802046BDE81040FFF7D9BDE6
:1007C000002801D000F02AB87047000010B50128B9
:1007D00005D0002103A000F027F8012010BD09A1D9
:1007E000F8E7000053494752544D454D3A204F75A4
:1007F00074206F662068656170206D656D6F727919
:10080000000000003A2048656170206D656D6F72D0
:100810007920636F727275707465640001491820E5
:10082000ABBEFEE72600020070B505460C460A2066
:1008300000E06D1C00F011F835B128780028F8D1DF
:1008400002E0641C00F009F814B120780028F8D107
:10085000BDE870400A20AFF3008008B569468DF806
:1008600000000320ABBE08BD03480122B0F85010C1
:10087000C06C02F056BE0000BC00002403480022F9
:10088000B0F85010C06C02F04CBE0000BC00002458
:1008900070B52DED028BFFF7F1FF802000F020FCFA
:1008A000552000F01DFC552000F01AFC484C20702B
:1008B000FFF7DAFF9FED478AB0EE480A00F09EFE90
:1008C000FFF7DCFF802000F00BFC552000F008FC57
:1008D000552000F005FC2070FFF7C6FFB0EE480A77
:1008E00000F08CFEFFF7CAFFB6217E2000F00AFC64
:1008F000FFF7BAFF9FED380A00F080FEFFF7BEFF5A
:10090000802000F0EDFB552000F0EAFB552000F0C0
:10091000E7FB2070FFF7A8FFB0EE480A00F06EFE7C
:10092000FFF7ACFF802000F0DBFB552000F0D8FB88
:10093000552000F0D5FB2070FFF796FFB0EE480A77
:1009400000F05CFE20781E2803D0FF20BDEC028B57
:1009500070BD002060701E4DB435FFF78FFF6078CA
:1009600000EB40004119285C497800F0CBFBFFF711
:100970007BFFB0EE480A00F041FEFFF77FFF607892
:1009800000EB4000285C40F0800000F0A9FB5520FF
:1009900000F0A6FB552000F0A3FB2070FFF764FFDA
:1009A000B0EE480A00F02AFE6078237800EB4001A0
:1009B00029444A789A4203D08978A2781143A170D9
:1009C000401CC0B260700628C7D30020BEE70000FC
:1009D000980000246F12833A0AD7A33D2DE9F04F07
:1009E00004462DED068B89B00020079008909FEDFE
:1009F000E7AAF0EE4A8AB0EE689A00F03DFEE44EB7
:100A000086ED050ADFF88C9304AFDFF88CA30DF1B7
:100A100004084FF07C5B00F02FFED6ED050ADF499D
:100A200030EE600A10EE100A884212DD9FEDDC0AFB
:100A300084ED060A9FEDDB0A84ED070A9FEDDA0AD2
:100A400084ED080A9FEDD98A9FEDD90A84ED090A41
:100A50007AE19FEDD80A00F0D1FDF0EE4A9A84EDDC
:100A600006AA84ED07AA84ED08AA0025F2E0FFF7A4
:100A700005FF922000F034FB0622122007A900F0A7
:100A800011FBFFF7F1FE9DF81D009DF81C10000200
:100A900000B2084300EE100AD6ED030AB8EEC00A11
:100AA00020EE200A84ED000A9DF81F009DF81E101C
:100AB000000200B2084300EE900A96ED031AF8EE29
:100AC000E00A60EE810AC4ED010A9DF821009DF85C
:100AD0002010000200B2084301EE900AF8EEE11A7D
:100AE00021EE811A84ED021A20EE000A00EEA00A1F
:100AF00001EE010A09F00EFEB0EE408A79EE889A06
:100B000000F06EF90822002007A900F0CBFA00F0EF
:100B10005DF99DF81C000F2840D19DF81F009DF83D
:100B20001E10000200B2084300EE100AF8EEC00AE0
:100B300096ED040A60EE800AC4ED030A94ED061AED
:100B400071EE200AC4ED060A9DF821009DF82010E0
:100B5000000200B2084300EE900AF8EEE00A60EEF0
:100B6000800AC4ED040A94ED071A71EE200AC4ED60
:100B7000070A9DF823009DF82210000200B20843E6
:100B800000EE900AF8EEE00A20EE800A84ED050AF5
:100B9000D4ED080A30EE800A84ED080A002D7DD0DD
:100BA000B4EEE88AF1EE10FA01DDF0EE488AB4EE18
:100BB000C98AF1EE10FA01D2B0EE489A002004EB97
:100BC000800191ED030A07EB8001D1ED000AB4EE3C
:100BD000E00AF1EE10FA01DD81ED000A08EB800178
:100BE000D1ED000AB4EEE00AF1EE10FA01D281ED87
:100BF000000A401CC0B20328E1D338EEC90A86EDD2
:100C0000060A002007EB8001D1ED000A08EB800105
:100C100091ED001A09EB800170EEC10AC1ED000AE6
:100C2000401CC0B20328EDD310EE100A584515DC65
:100C3000D9F80000504511DCD9F8040050450DDC0E
:100C4000D9F80800504509DC9FED5B0A00F0D6FC9E
:100C50006D1CADB2F0888542FFF409AFF28800EE5A
:100C6000102AB8EE400A89EE808A002000EE102A91
:100C700004EB8001B8EE400AD1ED060A80EE801A3E
:100C800081ED061A401CC0B20328EFD3FFF7F6FD32
:100C9000A22000F025FA022207A900E05FE022204E
:100CA00000F000FAFFF7E0FD9DF81C009DF81D1014
:100CB000C00040EA5110B0F5806F02DBA0F5006083
:100CC00000B200EE100AB4EE001AF8EEC00AB3EE5D
:100CD000070A00EE810A84ED090AB088401CB08042
:100CE000B06958453FF797AE35499FED340A38EE65
:100CF000400AB0EEC00A10EE100A8842F2DCD9F8C1
:100D000000005045EEDCD9F804005045EADCD9F883
:100D100008005045E6DC94ED060A2A49B0EEC00A08
:100D200010EE100A8842DDDC94ED070AB0EEC00A2E
:100D300010EE100A8842D5DC94ED080AB0EEC00A25
:100D400010EE100A8842CDDC9FED1F0AC0EE080AA3
:100D5000C4ED0B0A09B0BDEC068BBDE8F08FF0EED8
:100D6000488AB0EE489A002004EB800191ED030A16
:100D700007EB800181ED000A08EB800181ED000A9C
:100D8000401CC0B20328EFD337E70000000000008A
:100D9000980000240C1000249A99193E000040414C
:100DA000F2FA88BB7779ABBBE1CB96B92C09244129
:100DB00000008C420AD7A33B6F12033ACDCC1C41F2
:100DC0006666663F0AD7233CC3F51C4103480122EF
:100DD000B0F87C10806F02F0A4BB0000BC000024BF
:100DE00003480022B0F87C10806F02F09ABB00002C
:100DF000BC00002470B52DED028BFFF7F1FF4149D7
:100E0000002000F061F9FFF7E1FF9FED3F8AB0EEAF
:100E1000480A00F0F3FBFFF7E3FF3A49002000F037
:100E200053F9FFF7D3FFB0EE480A00F0E7FBFFF7F6
:100E3000D7FFB621142000F065F9FFF7C7FF9FED3B
:100E4000330A00F0DBFBFFF7CBFF2E49002000F058
:100E50003BF9FFF7BBFFB0EE480A00F0CFFBFFF70E
:100E6000BFFF2849002000F02FF9FFF7AFFFB0EED9
:100E7000480A00F0C3FB234C20780F2803D0FF2042
:100E8000BDEC028B70BD002060701E4DC635FFF7B3
:100E9000A7FF607800EB40004119285C497800F01A
:100EA00031F9FFF793FFB0EE480A00F0A7FBFFF718
:100EB00097FF6078134900EB4000285C00F004F9CC
:100EC000FFF784FFB0EE480A00F098FB60782278C4
:100ED00000EB40012944497891420BD0401EC0B23A
:100EE0006070084900EB4000B4310844A178807874
:100EF0000843A0706078401CC0B260700628C6D35A
:100F00000020BDE7980000246F12833A0AD7A33D62
:100F100070B5054629460D4838310C4608F049F9A8
:100F20000A48214608F045F9094C0020A070FFF757
:100F3000AFFCA1780843A070FFF75CFFA1780843DD
:100F4000A0702846FFF74AFDA07870BD0C00002471
:100F50009800002470B50446FFF790FC922000F042
:100F6000BFF84F490622122000F09CF8FFF77CFCE6
:100F70004B4DA5F11C0668782978000200B20843A1
:100F800000EE100AD6ED030AB8EEC00A60EE200AA1
:100F900094ED0B0A60EE800AC4ED000AE878A978A7
:100FA000000200B2084300EE900AB8EEE01AD6ED57
:100FB000030A21EE201A21EE001A84ED011A687945
:100FC0002979000200B20843308101EE100AB8EE20
:100FD000C11A61EE200A20EE800A84ED020AFFF7B2
:100FE000FFFE06222946022000F05CF8FFF7EEFE25
:100FF00068782978000200B2084300EE100AD4EDA8
:10100000060AB8EEC01A96ED040A51EE000AC4EDC5
:10101000030AE878A978000200B2084300EE900ABB
:1010200094ED071AF8EEE00A10EE801A84ED041A27
:1010300068792979000200B20843308100EE900AF5
:1010400094ED081AF8EEE00A10EE801A84ED051A05
:10105000FFF714FCA22000F043F8022229462220C8
:1010600000F020F8FFF700FC28786978C00040EA1B
:1010700051103081B0F5806F02DBA0F50060308147
:10108000B6F90800B4EE001A00EE100AF8EEC00A35
:10109000B3EE070A00EE810A84ED0A0A70BD000073
:1010A000B400002470B50D46144640F0800000F0F6
:1010B00017F806E0552000F013F805F8010B641E40
:1010C000E4B2002CF6D170BD10B50C4640F08000A3
:1010D00000F006F8552000F003F8207010BD000065
:1010E00001B582B04FF47A700123009001AA044840
:1010F00002A9006804F08BFC9DF804000EBD0000FE
:101100000C00002410B50C46FFF7EAFF2046BDE8AE
:101110001040FFF7E5BFB6EE002A92ED020AB0EEEE
:10112000421AD2ED030A00EE401AD0ED001AD0EDBB
:10113000013A00EEE01A21EE213A92ED011AD2EDC9
:10114000001A61EE002A41EEE02A61EE200A41EE2B
:10115000800A02EEA33A90ED020AF0EE002A00EEB9
:10116000803A23EE220A81ED000A92ED010AD2EDC7
:10117000021A92ED001AD2ED030A20EE213AD0EDC8
:10118000003A90ED014A01EE203A23EE233AF0EEC8
:10119000423A40EE403A40EEE03A61EEA00A41EEBB
:1011A000400A03EE843A90ED020A00EE803A23EE04
:1011B000220A81ED010AD2ED010AD2ED031A92ED65
:1011C000020A92ED001A20EEA13A60EE211AD0ED4B
:1011D000003A00EEE02A01EE403A41EE201A90ED8E
:1011E000011A00EE402A23EE233A90ED020A01EEA6
:1011F000813A02EE003A23EE220A81ED020A70479C
:10120000FEE790ED010AD1ED020A91ED011A20EE00
:10121000200AD0ED020A00EEC10A82ED000A90ED2C
:10122000020AD1ED000A91ED021A20EE200AD0ED5B
:10123000000A00EEC10A82ED010A90ED000AD1ED2C
:10124000010A91ED001A20EE200AD0ED010A00EE0D
:10125000C10A82ED020A7047014800F031BF000068
:10126000740C0024014800F02BBF0000EC0C00249B
:10127000014800F025BF0000640D0024014800F083
:101280001FBF0000DC0D0024014800F019BF000062
:10129000540E0024014800F013BF0000CC0E0024BF
:1012A000014800F00DBF0000440F0024014800F089
:1012B00007BF00000C0B0024014800F001BF000034
:1012C0001C0A0024014800F0FBBE0000940A002420
:1012D000014800F0F5BE0000840B0024014800F036
:1012E000EFBE0000FC0B0024014800F0E9BE000046
:1012F000D4040024014800F0E3BE00004C050024A3
:10130000264A016891422CD0254A914229D0254A8B
:10131000914226D0244A914223D0244A914220D09F
:10132000234A91421DD0234A91421AD0224A914227
:1013300017D0224A914214D0214A914211D0214A19
:1013400091420ED0204A91420BD0204A914208D0BF
:101350001F4A914205D01F4A914202D01E4A914233
:1013600017D11E4BCAB2103AA3FB02321209DFF8A2
:1013700070C002F007031CF80330C365032A04D9C8
:101380006FF30901091D816506E06FF309018165AD
:1013900002E021F0FF018165806D7047100002407E
:1013A0002800024040000240580002407000024005
:1013B00088000240A0000240B80002401004024031
:1013C00028040240400402405804024070040240D5
:1013D00088040240A0040240B8040240ABAAAAAAB2
:1013E0008CB3000801680123DFF894C0CAB26145DC
:1013F0001BD0DFF890C0614517D0DFF88CC0614585
:1014000013D0DFF888C061450FD0DFF884C0614594
:101410000BD0DFF880C0614507D0DFF87CC06145A4
:1014200003D0DFF878C0614511D1A2F108011C4A50
:10143000A2FB012109091B4A02EB810202661A4A3A
:10144000426601F01F0103FA01F181667047DFF87F
:101450005CC0103AACFB02C21209DFF854C0614410
:10146000A82900D80832134901EB8201016612490C
:10147000416602F01F0103FA01F181667047000026
:10148000085402581C54025830540258445402580C
:10149000585402586C5402588054025894540258BC
:1014A000CDCCCCCC0058025880580258ABAAAAAA7E
:1014B000F0FBFDBF000802408008024001794A1E8F
:1014C000072A28D8144B0168994214D0134B99422B
:1014D00011D0134B99420ED0124B99420BD0124BA4
:1014E000994208D0114B994205D0114B994202D034
:1014F000104B994206D1104901EB8201C1660F4998
:10150000016705E00E4901EB8201C1660D490167E3
:101510000121914041677047085402581C540258F9
:101520003054025844540258585402586C540258CB
:101530008054025894540258005902584059025895
:101540000009024040090240014600208B698A6A76
:10155000002B0FD0B3F5005F1DD08AB3012A30D025
:10156000022A2ED0032A04D1C96A11F0807F00D04C
:10157000012070471AB1012A07D0022AF9D1C96A9D
:1015800011F0807FF5D001207047C96AB1F1C07FAA
:10159000FAD1012070475AB1012A0BD0022A07D094
:1015A000032AF7D1C96AB1F1C07FF3D10120704796
:1015B00001207047C96A11F0807FFAD0012070477E
:1015C000FFE701207047000008B50A4801780029AC
:1015D0000FD10121017008494A680092009A4369BD
:1015E0009A4202D20269521C02614968416100219B
:1015F000017008BD58000024001000E00A4841684E
:101600000A4AD2ED010A4268521AF8EE601A01EE57
:10161000102AB8EE411A60EE211AB4EEE11AF1EE8A
:1016200010FAF0D370470000001000E058000024CA
:1016300000B52DED028B81B00D494968009101681C
:10164000009A511A00EE101A0A49F8EE400A91ED7C
:10165000010AB8EE400A80EE808A00990160FFF727
:10166000B3FF01B0B0EE480ABDEC028B00BD000034
:10167000001000E05800002410B500F043F80C48BA
:101680009FED0C1A90ED000A8188C08800EE901A38
:10169000B8EE400AF8EE600A00EE810A00EE900A09
:1016A0009FED051AF8EE600A00EE810A10BD0000F9
:1016B000880000246F12833ABD3786350D490A68C9
:1016C00042F080720A600C4900224A600B6843F0C5
:1016D00001030B6009494843094948604FF47A7394
:1016E000B0FBF3F38B60054BB0FBF3F0C8600A610D
:1016F000FFF76ABFFCED00E0001000E040420F0081
:10170000580000242DE9F84F204840680090FFF76A
:101710005BFFDFF87C904FF0FF334FF0000A00983A
:101720005146D9F81020E2FB030104460D46C9E9F1
:101730000E01D9F804B00023204629465A46FEF788
:101740006EFE06460F463046A0FB0B2107FB0B1131
:1017500006FB0A13A71A65EB030809F1300426609B
:101760000023D9F80860414638463246FEF757FE56
:1017700080B2A0807043381A68EB0A01D9F80C20B7
:101780000023FEF74CFEE080BDE8F88F001000E07B
:1017900058000024704790ED000AD1ED000A91ED49
:1017A000011A20EE200AD0ED010A00EE810AD0EDE8
:1017B000020A91ED021A00EE810A7047B6EE002A85
:1017C00092ED020AB0EE421AD2ED030A00EE401A80
:1017D000D0ED001AD0ED013A00EEE01A21EE213AE8
:1017E00092ED011AD2ED001A61EE002A41EEA02A14
:1017F00061EE200A41EEC00A02EEA33A90ED020A21
:10180000F0EE002A00EE803A23EE220A81ED000A73
:1018100092ED010AD2ED021A92ED001AD2ED030AFE
:1018200020EE213AD0ED003A90ED014A01EE603A07
:1018300023EE233AF0EE423A40EE403A40EEE03AF0
:1018400061EEA00A41EE000A03EE843A90ED020A2E
:1018500000EE803A23EE220A81ED010AD2ED010A60
:10186000D2ED031A92ED020A92ED001A20EEA13A8F
:1018700060EE211AD0ED003A00EEE02A01EE003AC7
:1018800041EE601A90ED011A00EE402A23EE233A51
:1018900090ED020A01EE813A02EE003A23EE220AAE
:1018A00081ED020A704772B6FEE70000014801F0C0
:1018B000C5B90000B8020024014801F0BFB900001A
:1018C00058030024416B0268D2F884306FF38F0311
:1018D00043EA8103C2F884300268D2F88430B0F859
:1018E00038C023F47F0343EA0C43C2F88430826B90
:1018F00011440268D2F888306FF38F0343EA810302
:10190000C2F888300268D2F88830B0F83CC023F4BE
:10191000FE0343EA0C43C2F88830C26B01EB42017C
:101920000268D2F8A0306FF38F0343EA8103C2F854
:10193000A0300268D2F8A030B0F840C023F4FE0313
:1019400043EA0C43C2F8A030436C026C02FB031163
:101950000268D2F8B0306FF38F0343EA8103C2F814
:10196000B0300268D2F8B030B0F848C023F4FE03BB
:1019700043EA0C43C2F8B030C36C826C02FB031123
:101980000268D2F8AC306FF38F0343EA8103C2F8E8
:10199000AC30436D026D02FB03110268D2F8F030E7
:1019A0006FF38F0343EA8103C2F8F0300268D2F884
:1019B000F030B0F858C023F47C1343EA0C43C2F86B
:1019C000F030826D01EB42020168D1F8C0306FF354
:1019D0008F0343EA8202C1F8C0200168D1F8C02019
:1019E000B0F85C3022F47C1242EA0342C1F8C02015
:1019F0000168D1F8C02090F8603022F07C5242EAB1
:101A00000362C1F8C020416B294A02EB8101C16623
:101A1000826B01EB82020267C36B02EBC302426777
:101A2000D0F844C0036C03FB0CF302EB8302826723
:101A3000D0F84CC0836C03FB0CF302EB8302C2674B
:101A4000D0F854C0036D03FB0CF302EB8302C0F823
:101A50008020836D02EBC303C0F88430D0F85CC0F3
:101A6000826E0CFB02FC03EB8C03C0F88830D0F8CC
:101A700060C00CFB02F203EB8202C0F890200D4B19
:101A80009A420AD9D0F89C1041F02001C0F89C106D
:101A9000032180F89810012070478A4206D900225D
:101AA0000A60091DD0F890308B42F9D800207047A9
:101AB00000AC0040FCD300402DE9F84F044601F093
:101AC0003DFD00905CB194F8350002280AD08020DA
:101AD0006065002084F834000120BDE8F88F012003
:101AE000BDE8F88FB6492068B64EB74F8842DFF898
:101AF000DC82DFF8DC92DFF8DCA2DFF8DCB226D093
:101B0000B04224D0B84222D0404520D048451ED013
:101B100050451CD058451AD0B04A904217D0B04A10
:101B2000904214D0AF4A904211D0AF4A90420ED0AA
:101B3000AE4A90420BD0AE4A904208D0AD4A904295
:101B400005D0AD4A904202D0AC4A90420AD1026818
:101B500022F01E0202602068426922F08002426187
:101B6000256804E0026822F00E0202602568206801
:101B700088423ED0B0423CD0B8423AD0404538D0FE
:101B8000484536D0504534D0584532D0934A9042DB
:101B90002FD0934A90422CD0924A904229D0924A18
:101BA000904226D0914A904223D0914A904220D030
:101BB000904A90421DD0904A90421AD08F4A90424B
:101BC00017D08F4A904214D08E4A904211D08E4A3C
:101BD00090420ED08D4A90420BD08D4A904208D050
:101BE0008C4A904205D08C4A904202D08B4A904257
:101BF00004D1206E026822F480720260704920686D
:101C0000884226D0B04224D0B84222D0404520D0CD
:101C100048451ED050451CD058451AD06F498842BF
:101C200017D06F49884214D06E49884211D06E494E
:101C300088420ED06D4988420BD06D49884208D049
:101C40006C49884205D06C49884202D06B49884271
:101C500004D1016821F00101016003E0016821F075
:101C600001010160286810F0010F14D001F066FC3A
:101C70000099401A05280AD920206065032084F8BD
:101C80003500002084F834000120BDE8F88F286872
:101C900010F0010FEAD14A4A01212068904226D073
:101CA000B04224D0B84222D0404520D048451ED072
:101CB00050451CD058451AD0484B984217D0484B35
:101CC000984214D0474B984211D0474B98420ED0BF
:101CD000464B98420BD0464B984208D0454B984211
:101CE00005D0454B984202D0444B98420AD1A06D92
:101CF0004FF03F0C94F85C3003F01F030CFA03F331
:101D0000836007E0A06D94F85C3003F01F0301FAD4
:101D100003F34360206890423ED0B0423CD0B842CA
:101D20003AD0404538D0484536D0504534D0584553
:101D300032D02A4A90422FD0294A90422CD0294AA8
:101D4000904229D0284A904226D0284A904223D057
:101D5000274A904220D0274A90421DD0264A9042DE
:101D60001AD0264A904217D0254A904214D0254ACC
:101D7000904211D0244A90420ED0244A90420BD077
:101D8000234A904208D0234A904205D0224A9042EA
:101D900002D0224A90420BD1626EA06E5060E06E7B
:101DA00030B1026822F480720260226F606F50606E
:101DB00084F83510002084F83400BDE8F88F000066
:101DC000100002402800024040000240580002403B
:101DD0007000024088000240A0000240B8000240AB
:101DE000100402402804024040040240580402400B
:101DF0007004024088040240A0040240B80402407B
:101E0000085402581C540258305402584454025882
:101E1000585402586C540258805402589454025832
:101E20002DE9F05F002808D090F83510022907D07E
:101E3000802141650120BDE8F09F0120BDE8F09FB1
:101E4000DFF81CE20168874BDFF81CC27145874C44
:101E5000874D884E884FDFF82482DFF82492DFF820
:101E600024A2DFF824B2894A25D0994223D06145C3
:101E700021D0A1421FD0A9421DD0B1421BD0B942EE
:101E800019D0DFF80CE2714515D0DFF808E2714592
:101E900011D0DFF804E271450DD041450BD0494522
:101EA00009D0DFF8F8E1714505D0514503D0594517
:101EB00001D0914232D14FF0040E80F835E06848ED
:101EC000814221D099421FD061451DD0A1421BD033
:101ED000A94219D0B14217D0B94215D06C488142FD
:101EE00012D06C4881420FD06B4881420CD04145E2
:101EF0000AD0494508D06948814205D0514503D0F0
:101F0000594501D0914204D1086820F001000860D1
:101F1000A3E0086820F0010008609EE0D1F800E02E
:101F20002EF00E0EC1F800E0DFF834E101687145D3
:101F300025D0994223D0614521D0A1421FD0A9428A
:101F40001DD0B1421BD0B94219D0DFF844E1714530
:101F500015D0DFF840E1714511D0DFF83CE1714563
:101F60000DD041450BD0494509D0DFF830E171452E
:101F700005D0514503D0594501D0914206D1D1F841
:101F800000E02EF0010EC1F800E005E0D1F800E01D
:101F90002EF0010EC1F800E0DFF8C4E001687145E1
:101FA00039D0994237D0614535D0A14233D0A942CA
:101FB00031D0B1422FD0B9422DD0354B99422AD0E1
:101FC000344B994227D0344B994224D0414522D0FA
:101FD000494520D0314B99421DD051451BD0594520
:101FE00019D0914217D02E4A914214D02D4A9142D5
:101FF00011D02D4A91420ED02C4A91420BD02C4A3E
:10200000914208D02B4A914205D02B4A914202D0EE
:102010002A4A914218D1016E0A6822F480720A603D
:10202000816D90F85C2002F01F0301229A404A6003
:10203000426E816E5160C16E31B10A6822F48072C5
:102040000A60026F416F5160012180F83510002154
:1020500080F83410016D01B188470020BDE8F09F81
:102060001000024028000240400002405800024098
:102070007000024088000240A0000240400402407C
:102080005804024088040240A0040240B804024000
:10209000B8000240100402402804024070040240CC
:1020A000085402581C5402583054025844540258E0
:1020B000585402586C540258805402589454025890
:1020C0002DE9F04F83B00446002002904FF41651E2
:1020D000FD480068B0FBF1F00190A56D2E682968FD
:1020E000FA4F2068DFF8E8A3DFF8E8B3B842DFF87A
:1020F000E883DFF8E8932DD0524690422AD05A4622
:10210000904227D0404525D0484523D0F44A9042FC
:1021100020D0F44A90421DD0F34A90421AD0F34A9C
:10212000904217D0DFF8C8C3604513D0F14A9042FF
:1021300010D0DFF8C4E370450CD0F04A904209D0CB
:10214000EF4A904206D0EF4A904203D0EE4B9842BD
:1021500040F0408294F85C10082201F01F0102FA5E
:1021600001F1314241D0B84228D0504526D05845DF
:1021700024D0404522D0484520D0D94988421DD09E
:10218000D84988421AD0D849884217D0D7498842BE
:1021900014D0D749884211D0D64988420ED0D649AA
:1021A00088420BD0D549884208D0D549884205D00D
:1021B000D449884202D0D449884203D1016801F051
:1021C000040102E0016801F0080171B1016821F029
:1021D0000401016094F85C0000F01F0002FA00F0B6
:1021E000A860606D40F00100606594F85C0000F04C
:1021F0001F01012000FA01F1314234D02068B842B9
:1022000028D0504526D0584524D0404522D04845B6
:1022100020D0B34A90421DD0B24A90421AD0B24A5E
:10222000904217D0B14A904214D0B14A904211D096
:10223000B04A90420ED0B04A90420BD0AF4A904282
:1022400008D0AF4A904205D0AE4A904202D0AE4A82
:1022500090427DD1406910F0800F04D0A960606D7C
:1022600040F00200606594F85C0000F01F0104205B
:1022700000FA01F1314234D02068B84228D05045EC
:1022800026D0584524D0404522D0484520D0944AF5
:1022900090421DD0934A90421AD0934A904217D050
:1022A000924A904214D0924A904211D0914A904260
:1022B0000ED0914A90420BD0904A904208D0904A5A
:1022C000904205D08F4A904202D08F4A904245D129
:1022D000006810F0020F04D0A960606D40F00400A7
:1022E000606594F85C0000F01F01102000FA01F115
:1022F000314259D02068B84228D0504526D05845A0
:1023000024D0404522D0484520D0754A90421DD067
:10231000744A90421AD0744A904217D0734A90423D
:1023200014D0734A904211D0724A90420ED0724A31
:1023300090420BD0714A904208D0714A904205D029
:10234000704A904202D0704A904209D1006800E081
:1023500002E000F0080006E0006884E70068C0E7DB
:10236000006800F00400F8B1A9602068016811F469
:10237000802F0DD0006810F4002F04D0A16C99B10B
:102380002046884710E0216C71B1204688470BE059
:10239000016811F4807F03D1016821F00801016018
:1023A000216C09B12046884794F85C0000F01F01B9
:1023B000202000FA01F131426FD02068B84228D0C5
:1023C000504526D0584524D0404522D0484520D0FD
:1023D000434A90421DD0434A90421AD0424A90420A
:1023E00017D0424A904214D0414A904211D0414AFB
:1023F00090420ED0404A90420BD0404A904208D0C2
:102400003F4A904205D03F4A904202D03E4A904215
:1024100003D1006800F0100002E0006800F0020044
:10242000D8B3A96094F8350004280DD0206801685D
:1024300011F4802F37D0006810F4002F2ED0E16BFC
:1024400059B32046884764E02068016821F01601EE
:1024500001602068416921F080014161206C08B968
:10246000A06C20B12068016821F00801016094F897
:102470005C003F2100F01F0001FA00F0A86001207D
:1024800084F83500002084F83400216D00297BD0C9
:1024900003B02046BDE8F04F084737E0616CA9B3B0
:1024A0002046884735E0016811F4807F09D1016832
:1024B00021F010010160012084F83500002084F82B
:1024C0003400E16B11B322E004000024100002404C
:1024D00028000240400002405800024070000240C4
:1024E00088000240A0000240B800024010040240F0
:1024F0002804024040040240580402407004024094
:1025000088040240A0040240B804024001E02046D2
:102510008847606D002837D0606D10F0010F51D0F2
:10252000042084F835002068B84228D0504526D0D1
:10253000584524D0404522D0484520D0AB49884258
:102540001DD0AB4988421AD0AA49884217D0AA495F
:10255000884214D0A949884211D0A94988420ED096
:10256000A84988420BD0A849884208D0A749884288
:1025700005D0A749884202D0A649884205D1016802
:1025800021F00101016004E096E0016821F0010101
:10259000016021680298019A401C0290904203D881
:1025A000086810F0010FF5D1086810F0010F03D092
:1025B000032084F8350002E0012084F83500002073
:1025C00084F83400E16C002976D003B02046BDE8E1
:1025D000F04F0847904B984214D0904B984211D03E
:1025E0008F4B98420ED08F4B98420BD08E4B984217
:1025F00008D08E4B984205D08D4B984202D08D4B1F
:10260000984259D103684FF0040A94F85C6006F0D0
:102610001F060AFA06FA1AEA010F5AD013F0040F3D
:1026200057D0C5F804A013F4004F12D013F4803F24
:1026300007D0216C00293FD003B02046BDE8F04F01
:102640000847A16C002937D003B02046BDE8F04F01
:10265000084713F0200F34D12068B84227D07649BC
:10266000884224D07549884221D040451FD0484532
:102670001DD05E4988421AD05D49884217D05D4915
:10268000884214D05C49884211D060450FD05C4923
:1026900088420CD070450AD05B49884207D05B491C
:1026A000884204D0904202D05A49884205D101683C
:1026B00021F00801016004E083E0016821F00401D9
:1026C0000160216C00297CD003B02046BDE8F04FAA
:1026D00008474FF0020A0AFA06FA1AEA010F5FD019
:1026E00013F0020F5CD0C5F804A013F4004F12D011
:1026F00013F4803F07D0E16B002974D003B020466B
:10270000BDE8F04F0847616C00296CD003B020464B
:10271000BDE8F04F084713F0200F39D12068B842C8
:1027200027D04549884224D04449884221D0404599
:102730001FD048451DD02D4988421AD02C498842C7
:1027400017D02C49884214D02B49884211D06045BB
:102750000FD02B4988420CD070450AD02A498842B4
:1027600007D02A49884204D0904202D029498842A1
:1027700004D1016821F01401016003E0016821F037
:102780000A010160012084F83500002084F834003B
:10279000E16B002927D003B02046BDE8F04F084781
:1027A0000822B2400A421ED013F0080F1BD0016865
:1027B00021F00E01016094F85C0000F01F0101207F
:1027C00000E010E000FA01F16960606584F835000E
:1027D000002084F83400E16C002904D003B02046C6
:1027E000BDE8F04F084703B0BDE8F08F8800024015
:1027F000A0000240B8000240100402402804024039
:102800004004024058040240700402408804024020
:10281000A0040240B8040240085402581C54025854
:102820003054025844540258585402586C540258B8
:10283000805402589454025828000240400002403C
:102840002DE9F05F044600F079FE0646002C6AD0C0
:10285000DC4F022220680025DFF86C83DFF86C93E0
:10286000B842DFF86CA3DFF86CB328D0DA498842AD
:1028700025D0404523D0484521D050451FD058454C
:102880001DD0D64988421AD0D549884217D0D5499B
:10289000884214D0D449884211D0D44988420ED0FD
:1028A000D34988420BD0D349884208D0D2498842C4
:1028B00005D0D249884202D0D14988427ED184F8DD
:1028C000352084F83450B84228D0C349884225D0F6
:1028D000404523D0484521D050451FD058451DD0F4
:1028E000BE4988421AD0BE49884217D0BD498842A5
:1028F00014D0BD49884211D0BC4988420ED0BC4991
:1029000088420BD0BB49884208D0BB49884205D0D9
:10291000BA49884202D0BA49884207D1016821F0F9
:102920000101016006E00120BDE8F09F016821F08F
:10293000010101602068006810F0010F11D000F063
:10294000FDFD801B052807D920206065032084F841
:1029500035000120BDE8F09F2068006810F0010FED
:10296000EDD122681068A7490840E368A168D4F84F
:1029700014C01943236943EA0C031943A36919439B
:10298000E3691943236A19430843616A042903D19F
:10299000236BE16A194308439B4909686FF30F01F0
:1029A000B1F1005F11D36168A1F12903052B0AD9A8
:1029B000163B032B07D9083B012B00E02CE002D982
:1029C0004F39032901D840F4801010602068406915
:1029D00020F00701606A40EA010604280ED1A06ACF
:1029E0000643E06A50B12046FEF7AEFD30B140200C
:1029F0006065012084F83500BDE8F09F20684661DD
:102A00002046FEF77DFC94F85C103F2201F01F0188
:102A100002FA01F181605BE07C49884214D07C4B72
:102A2000984211D07B4B98420ED07B4B98420BD0F2
:102A30007A4B984208D07A4B984205D0794B98420D
:102A400002D0794B98427DD188420CD0704988429F
:102A500009D07049884206D06F49884203D06F4937
:102A6000884200D06E4984F8352084F834500268DA
:102A70006FF31012A168402979D0802979D0002104
:102A8000E36841EAD301236941EAD301636941EA7A
:102A9000D301A36941EAD301E36941EAD301236A7F
:102AA00041EA131111430160604920680144604804
:102AB000A0FB011000098000E0652046FEF720FC25
:102AC00094F85C10012201F01F0102FA01F141604B
:102AD0002068B84242D0404988423FD040453DD06E
:102AE00048453BD0504539D0584537D03B498842BE
:102AF00034D03B49884231D03A4988422ED03A49B5
:102B000088422BD03949884228D03949884225D07B
:102B10003849884222D0384988421FD037498842F4
:102B20001CD03749884219D03849884216D03849D4
:102B3000884213D03749884210D0374988420DD097
:102B4000364900E018E0884208D03549884205D06F
:102B50003449884202D0344988422CD12046FEF7BD
:102B600041FCA06880280FD00FE000E001E01021B8
:102B700086E74FF4804183E740206065032084F8B6
:102B800035000120BDE8F09F6560216E2079086066
:102B9000616EA06E48606068401E072808D8204615
:102BA000FEF78CFCE06E0560216F606F486002E00C
:102BB000E566256765676565012084F835000020B6
:102BC000BDE8F09F10000240400002405800024063
:102BD000700002408800024028000240A00002402D
:102BE000B8000240100402402804024040040240A1
:102BF000580402407004024088040240A0040240CD
:102C0000B80402403F8010FE0010005C08540258D7
:102C10001C54025830540258445402585854025814
:102C20006C5402588054025894540258F8ABFDA7D3
:102C3000CDCCCCCC70477047704770472DE9F04F32
:102C400083B00446BC4F38688007391D096800EA24
:102C500081792068016D01F47041426D02EA010A38
:102C6000016D01F00F01426D02EA010B016D01F0EF
:102C7000F001426D11400291016D01F07151426D00
:102C800002EA0108016D01F06071426D114001918D
:102C9000456D066D15F4807F09D016F4807F06D04F
:102CA000B9150165002038602046FFF7C6FF15F40E
:102CB000806F10D016F4806F0DD02068D0F8DC1033
:102CC000D0F8E42011404FF48062026500203860A3
:102CD000204600F020FBB9F1000F0CD0216829F448
:102CE000401020F0404008654FEA9970386049462E
:102CF0002046FFF79FFFBAF1000F0CD021682AF49D
:102D0000401020F0404008654FEA9A703860514604
:102D1000204600F002FBBBF1000F0CD021682BF421
:102D2000401020F0404008654FEA9B7038605946DB
:102D3000204600F0E8FA029868B12168029820F471
:102D4000401020F0404008650298800F38600299DA
:102D5000204600F0D9FA15F4006F0BD016F4006F7E
:102D600008D021684FF400600865002038602046D4
:102D700000F0D4FA15F4007F10D016F4007F0DD0C7
:102D80002068D0F8D810D0F8E02011404FF400723D
:102D9000026500203860204600F0BEFA15F4002FCE
:102DA0000BD016F4002F08D021684FF400200865DE
:102DB00000203860204600F0A5FA15F4803F0BD0C3
:102DC00016F4803F08D021684FF480300865002059
:102DD0003860204600F09EFA15F4802F0BD016F4D0
:102DE000802F08D021684FF48020086500203860CB
:102DF000204600F08EFA15F4003F0ED016F4003F86
:102E00000BD021684FF40030086500203860D4F8FA
:102E10009C0040F08000C4F89C00019868B12168D3
:102E2000019820F4401020F0404008650198800F80
:102E3000386001992046FFF7FFFEB8F1000F0ED071
:102E4000216828F4401020F0404008654FEA98704F
:102E50003860D4F89C0040EA0800C4F89C00206860
:102E6000A0F18041B1F520415CD16068816811F02A
:102E7000030F57D0016A01F00F01426A1140026A44
:102E800002F03002436A03EA0207026A02F4C072E7
:102E9000436A03EA0208026A02F4FC42436A03EA54
:102EA0000205026A02F4F022436A03EA0206D0F83D
:102EB0002490D0F820A019B10162204600F026FA33
:102EC0002FB1606807623946204600F021FA19F0F8
:102ED000400F0DD01AF0400F0AD06068C16B090C8A
:102EE000C26B02F03F0240230362204600F00FFA5B
:102EF000B8F1000F06D06068C0F820804146204637
:102F000000F003FA35B160680562D4F89C002843EC
:102F1000C4F89C0036B160680662D4F89C00304367
:102F2000C4F89C00D4F89C00002802D02046FFF78B
:102F300082FE03B0BDE8F08F10A800402DE9F041FB
:102F400094B004464C22A14901A8FDF7DFFA5CB118
:102F50009F4F2068B84202D100F58070606094F8FD
:102F60009800002620B108E014B00120BDE8F081EF
:102F700084F89960204600F02DF92068816921F0DD
:102F80001001816100F0DAFA0546206880694FF08F
:102F9000030810F0080F15D000F0D0FA401B0A28E3
:102FA0000BD9D4F89C0040F00100C4F89C0084F8D0
:102FB000988014B00120BDE8F0812068806910F08D
:102FC000080FE9D12068816941F00101816100F0B9
:102FD000B5FA05462068806910F0010F15D100F0A0
:102FE000ADFA401B0A280BD9D4F89C0040F0010030
:102FF000C4F89C0084F8988014B00120BDE8F081EA
:103000002068806910F0010FE9D02068816941F0E3
:1030100002018161207C012839D02068816941F05A
:1030200040018161607C012837D02068816921F4EA
:1030300080418161A07C012835D02068816941F4FC
:103040008051816120688169A26821F44071114337
:1030500081612068816921F0A40181612068016992
:1030600021F010010161E068012822D030B302286C
:103070002BD02068816941F080018161206801695D
:1030800041F010010161E068032818D022E02068B7
:10309000816921F040018161C4E72068816941F4C0
:1030A00080418161C6E72068816921F48051816196
:1030B000C8E72068816941F0040181610AE0206865
:1030C000816941F02001816104E02068816941F05B
:1030D00020018161207EE169401E491E400640EAD0
:1030E0000120216A491E0843A18A491E40EA014085
:1030F0002168C861A068B0F5407F0FD1E16AA06A7D
:10310000491E401E40EA0120216B491E40EA011081
:10311000A18C491E40EA01402168C860206E30B190
:103120002068D0F8C010626E1143C0F8C010216E44
:10313000E06DC84201A90AD02068D0F8C820A36E6B
:1031400022F0070251F823301A43C0F8C820206C3F
:1031500050B12068D0F8BC20636C22F0070251F80F
:1031600023301A43C0F8BC20A06C58B12068D0F8B6
:10317000BC20E36C22F0700251F8233042EA0312C3
:10318000C0F8BC20206D58B12068D0F8BC20636D19
:1031900022F4E06251F8231042EA0121C0F8BC1089
:1031A0002068B84204D16068816821F00301816021
:1031B000C4F89460C4F89C60012084F8980020460C
:1031C000FEF780FB14B0BDE8F081000040B30008BA
:1031D00000A000402DE9F043B7B00446142132A806
:1031E000FDF7E8F9C02102A8FDF7E4F9414D0026FA
:1031F0003E494FF0805220680C3D3D4F4FF0020891
:103200003C4C88424FF0090937D151130020CDE9D9
:1032100002101E9202A800F0C1FD08B1FEF743FBA8
:103220003868401C3860012807D1206840F480705D
:103230002060206800F480700190286840F0010050
:103240002860286800F0010001904FF4C0503290CF
:10325000CDF8CC8034963596CDF8D89032A9264852
:1032600000F05EF800221320114600F03DFB132011
:1032700000F02CFB37B0BDE8F08320498842F9D13B
:1032800000204FF40041CDE902101E9202A800F088
:1032900085FD08B1FEF707FB3868401C386001283F
:1032A00007D1206840F480702060206800F48070AE
:1032B0000190286840F002002860286800F00200B1
:1032C000019060203290CDF8CC8034963596CDF8C0
:1032D000D89032A90A4800F023F8002214201146A1
:1032E00000F002FB142000F0F1FAC3E700A0004058
:1032F00000000024EC4402580000025800A40040E2
:103300000004025870477047704770477047704715
:1033100070477047704770477047704770470000AC
:103320002DE9F84F0022DFF8E4C10B68002B7DD0B7
:10333000DFF8DCB14FF0B04A4FF0010E4FF0030858
:103340004FF00F090B680EFA02F52B40002B6ED0E0
:103350000C7904F00304012C01D0022C11D18668F1
:10336000540008FA04F7BE43CF6807FA04F4344364
:1033700084604468AC430D79C5F3001595402C4337
:1033800044604C6838EA040409D0C568540008FA5F
:1033900004F6B5438E6806FA04F42C43C4600C7935
:1033A00004F00304022C0DD1D40800EB84052E6A2E
:1033B0005407E40E09FA04F7BE430F6907FA04F450
:1033C00034432C620568540008FA04F6B5430E79BC
:1033D00006F0030606FA04F42C4304604C6814F467
:1033E000403F78D0DBF8004044F00204CBF80040C6
:1033F000DBF8004004F00204009422F0030404F11E
:10340000B046D6F8084495072D0F09FA05F724EAC7
:103410000707A0F1B044B4F5003463D0A0F1B04484
:10342000B4F5013460D0A0F1B04401E058E052E0BE
:10343000B4F502345AD0A0F1B044B4F5033457D0F7
:10344000A0F1B044B4F5043454D0A0F1B044B4F5C4
:10345000053451D0A0F1B044B4F506344ED0A0F1FB
:10346000B044B4F507344BD0A0F1B044B4F50834FF
:1034700048D0A0F1B044B4F5093445D00A24AC409A
:103480003C43C6F80844DAF800409C434D6815F404
:10349000801F00D01C43CAF80040DAF804409C4367
:1034A0004D6815F4001F00D01C43CAF80440DCF836
:1034B00004409C434D6815F4003F00D01C43CCF8F9
:1034C0000440DCF800409C434D6815F4803F00D078
:1034D0001C43CCF80040521C0B68D3407FF432AF41
:1034E000BDE8F88F0024CAE70124C8E70224C6E734
:1034F0000324C4E70424C2E70524C0E70624BEE78A
:103500000724BCE70824BAE70924B8E7800000587C
:10351000F44402580069084201D00120704700209D
:103520007047002A01D081617047090481617047AA
:1035300001480068000C70470010005C014880687A
:1035400070470000AC02002490F84120202A01D0EE
:103550000220704790F84020012A20D0012280F8F4
:103560004020242280F841200268136823F00103E0
:1035700013600268136823F48053136002681368B1
:103580001943116001680A6842F001020A602021B3
:1035900080F84110002180F8401000207047022080
:1035A000704790F84120202A01D00220704790F8FF
:1035B0004020012A1ED0012280F84020242280F8D9
:1035C00041200268136823F0010313600268136846
:1035D00023F4706343EA0121116001680A6842F034
:1035E00001020A60202180F84110002180F840107B
:1035F000002070470220704770B50446002C04D0AC
:1036000094F84100002510B106E0012070BD84F857
:103610004050204600F056F8242084F841002068ED
:10362000016821F001010160606820F0706120688C
:1036300001612068816821F400418160E06801280F
:1036400033D02168A06840F404408860E068022814
:1036500031D02068416821F40061416020684168F0
:1036600041F4004141F0007141602068C16821F4DB
:103670000041C160616920690843A16940EA0120F5
:103680002168C860216AE0690843216808602068F1
:10369000016841F0010101606564202084F8410067
:1036A000256384F84250002070BD2168A06840F472
:1036B00000408860CAE72068416841F400614160C9
:1036C000CCE7000030B5B7B00446142132A8FCF7AF
:1036D00071FFC02102A8FCF76DFF1D4920688842D8
:1036E00034D11C4C206840F480002060206800F435
:1036F0008000019008210020CDE9021000252395CB
:1037000002A800F04BFB08B1FEF7CDF811480838CD
:10371000016841F002010160006800F002000190C0
:103720004FF4406032901220339001203490359550
:103730000420369032A90848FFF7F2FD206840F4D3
:1037400080002060206800F48000019037B030BD18
:1037500000580040E84402580004025802488168BA
:103760000278114481607047AC02002410B5032038
:1037700000F0F0F801F010FA0F4A1168C1F30323CA
:103780000E49CB5C03F01F03D840126802F00F0211
:10379000895C0B4A01F01F0120FA01F1116009490F
:1037A0000860002000F010F808B1012010BD00F002
:1037B0007DF8002010BD00001844025852B20008E5
:1037C000080000240400002470B504460F4D2A7838
:1037D000002A0CD04FF47A700D49B0FBF2F0096862
:1037E000B1FBF0F002F016FB18B1012070BD012012
:1037F00070BD102C07D200222146501E00F074F834
:103800006C60002070BD012070BD0000AC0200247F
:1038100004000024124A4178116012490A6822F01B
:1038200001020A600B1F42681A60027BC37A12070A
:1038300042EA0362837A42EAC342437B42EA83421A
:10384000837B42EA4342C37B42EA0342437A42EA31
:103850000322037A007842EA43021043086070476B
:1038600098ED00E0A0ED00E0BFF35F8F0448016831
:1038700021F4803101600349002008607047000096
:1038800024ED00E094ED00E0064940F001000860FE
:103890000548016841F480310160BFF34F8FBFF3E9
:1038A0006F8F704794ED00E024ED00E082B0064891
:1038B000016841F002010160006800F0020001901F
:1038C000052002B000F046B8F444025800280ADB94
:1038D000012200F01F0102FA01F14009800000F10D
:1038E000E020C0F8001170474DF8044D184B1B68DC
:1038F000C3F30223C3F1070CBCF1040F01D94FF04D
:10390000040C1C1D072C01D2002300E0DB1E012447
:1039100004FA0CFCACF1010C0CEA0101994004FA28
:1039200003F35B1E1A401143002807DB00F1E0207F
:10393000090180F800145DF8044B704700F00F0097
:1039400000F1E020090180F8141D5DF8044B704778
:103950000CED00E000F00700064A11684FF6FF0387
:10396000194041EA002040F0FD7040F08060106096
:10397000704700000CED00E070B515490A6812F0C0
:10398000040F0DD00A6822F0070210430860FFF709
:10399000D5FD04460F4D286810F4005F09D014E0EF
:1039A000096801F00701814201D0012070BD0020AB
:1039B00070BDFFF7C3FD001BB0F57A7F01D9012070
:1039C00070BD286810F4005FF3D0002070BD0000C7
:1039D0000C4802580448025810B501F091F8054906
:1039E0000968054AC1F30211515C01F01F01C8408A
:1039F00010BD00002044025852B2000869490A680C
:103A000002F003020968C1F30531674B1B68C3F379
:103A10000013DFF898C1DCF800C0CCF3CC0C1CFB21
:103A200003F300EE103AB8EE400A002972D09FED81
:103A3000601A604B002AF7EE000A46D0DFED5E1AEE
:103A4000012A68D0022A67D002EE101A1968F8EE2F
:103A5000422A81EEA22AC1F3080101EE901AF8EE83
:103A6000611A40EE011A31EEA00A22EE000A19682E
:103A7000C1F3462101EE101AB8EE411A31EE201AB8
:103A8000C0EE011ABCEEE11A80ED001A1968C1F30C
:103A9000064101EE101AB8EE411A31EE201AC0EEBE
:103AA000011ABCEEE11A80ED011A1968C1F3066132
:103AB00001EE101AB8EE411A71EE200A80EE201ABB
:103AC000BCEEC10A80ED020A70473C4AD2F800C041
:103AD0001CF0200F21D01268DFF8E4C0C2F3C1024D
:103AE0002CFA02F201EE902AF8EE612A01EE901A09
:103AF0001968F8EE611A82EEA12AC1F3080101EEFD
:103B0000901AF8EE611A40EE011A31EEA00A22EE88
:103B1000000AACE741E016E029E001EE901ADFED83
:103B2000292A1968F8EE611A82EEA12AC1F3080168
:103B300001EE901AF8EE611A40EE011A31EEA00A79
:103B400022EE000A93E702EE101A1968F8EE422AF4
:103B500081EEA22AC1F3080101EE901AF8EE611A73
:103B600040EE011A31EEA00A22EE000A7FE701EED4
:103B7000901ADFED152A1968F8EE611A82EEA12A73
:103B8000C1F3080101EE901AF8EE611A40EE011A35
:103B900031EEA00A22EE000A69E7002101604160CF
:103BA00081607047284402582C4402583C44025813
:103BB00000000039384402580024744A0044025876
:103BC0000090D0030024744C0024F44A69490A6828
:103BD00002F003020968C1F30551674B1B68C3F388
:103BE0000023DFF898C1DCF800C0CCF3CC0C1CFB40
:103BF00003F300EE103AB8EE400A002972D09FEDB0
:103C0000601A604B002AF7EE000A46D0DFED5E1A1C
:103C1000012A68D0022A67D002EE101A1968F8EE5D
:103C2000422A81EEA22AC1F3080101EE901AF8EEB1
:103C3000611A40EE011A31EEA00A22EE000A19685C
:103C4000C1F3462101EE101AB8EE411A31EE201AE6
:103C5000C0EE011ABCEEE11A80ED001A1968C1F33A
:103C6000064101EE101AB8EE411A31EE201AC0EEEC
:103C7000011ABCEEE11A80ED011A1968C1F3066160
:103C800001EE101AB8EE411A71EE200A80EE201AE9
:103C9000BCEEC10A80ED020A70473C4AD2F800C06F
:103CA0001CF0200F21D01268DFF8E4C0C2F3C1027B
:103CB0002CFA02F201EE902AF8EE612A01EE901A37
:103CC0001968F8EE611A82EEA12AC1F3080101EE2B
:103CD000901AF8EE611A40EE011A31EEA00A22EEB7
:103CE000000AACE741E016E029E001EE901ADFEDB2
:103CF000292A1968F8EE611A82EEA12AC1F3080197
:103D000001EE901AF8EE611A40EE011A31EEA00AA7
:103D100022EE000A93E702EE101A1968F8EE422A22
:103D200081EEA22AC1F3080101EE901AF8EE611AA1
:103D300040EE011A31EEA00A22EE000A7FE701EE02
:103D4000901ADFED152A1968F8EE611A82EEA12AA1
:103D5000C1F3080101EE901AF8EE611A40EE011A63
:103D600031EEA00A22EE000A69E7002101604160FD
:103D700081607047284402582C4402584444025839
:103D800000000039404402580024744A004402589C
:103D90000090D0030024744C0024F44A2DE9F84F1D
:103DA0000446002500262068C04310F0006FFE4F37
:103DB000DFF8F8830DD1A06E88B1B0F5801F13D065
:103DC000B0F5001F17D0B0F5401F00D00125CDB1D0
:103DD0002E462088C04310F4807F1CD039E038681C
:103DE00040F400303860F2E7022104F1080005F0E9
:103DF00021F80546EBE7022104F1280005F0BAF8A6
:103E00000546E4E7D8F80000A16E20F4401008430E
:103E1000C8F80000DDE7A06D052817D2DFE800F044
:103E200003080F171700386840F4003038600EE0C0
:103E3000002104F1080004F0FDFF054607E0002121
:103E400004F1280005F096F8054600E0012535B19B
:103E50002E462088C04310F4007F09D018E0D8F81F
:103E60000000A16D20F007000843C8F80000F0E74B
:103E7000E06D802820D003DC90B1402805D114E00B
:103E8000C02803D0B0F5807F00D00125DDB12E46DB
:103E90002088DFF81C93C04310F4806F1CD02FE003
:103EA000386840F400303860F0E7002104F1080081
:103EB00004F0C0FF0546E9E7002104F1280005F001
:103EC00059F80546E2E7D8F80000E16D20F4E0700B
:103ED0000843C8F80000DBE7D4F8A800B0F5800F6D
:103EE00020D004DC90B1B0F5001F06D113E0B0F58E
:103EF000C00F03D0B0F5000F00D00125CDB12E4684
:103F00002088C04310F4006F1DD030E0386840F4C2
:103F100000303860F2E7002104F1080004F08AFF65
:103F20000546EBE7002104F1280005F023F80546DB
:103F3000E4E7D9F80000D4F8A81020F460000843A2
:103F4000C9F80000DCE7D4F8AC00B0F1007F20D065
:103F500004DC90B1B0F1807F06D113E0B0F1407F76
:103F600003D0B0F1806F00D00125CDB12E4620687E
:103F7000C04310F0007F1DD027E0386840F40030C7
:103F80003860F2E7002104F1080004F053FF054611
:103F9000EBE7002104F1280004F0ECFF0546E4E71C
:103FA000D9F80000D4F8AC1020F0E0600843C9F85C
:103FB0000000DCE7E06C30B110280CD020280FD0D6
:103FC000302800D0012595B12E462088C04310F43A
:103FD000805F14D026E0386840F400303860F2E7A3
:103FE000022104F1080004F025FF0546EBE77148C3
:103FF0000168E26C21F0300111430160E5E7206EB9
:10400000B0F5005F20D004DC90B1B0F5805F06D140
:1040100013E0B0F5405F03D0B0F5804F00D001252C
:10402000CDB12E462088C04310F4005F1CD031E093
:10403000386840F400303860F2E7002104F10800ED
:1040400004F0F8FE0546EBE7002104F1280004F037
:1040500091FF0546E4E7D8F80000216E20F4E04027
:104060000843C8F80000DDE7606EB0F5403F0FD0B0
:1040700007DC68B1B0F5803F12D0B0F5003F06D143
:1040800015E0B0F5802F03D0B0F5A02F00D00125AA
:10409000A5B12E462088C04310F4804F17D02DE0E4
:1040A000012104F1080004F0C5FE0546F0E70121F6
:1040B00004F1280004F05EFF0546E9E7D8F80000A7
:1040C000616E20F4E0200843C8F80000E2E7D4F86D
:1040D000B000B0F1405F0FD007DC68B1B0F1805F95
:1040E00012D0B0F1005F06D115E0B0F1804F03D0DF
:1040F000B0F1A04F00D00125A5B12E462088C043C5
:1041000010F4004F18D022E0012104F1080004F05F
:1041100091FE0546F0E7012104F1280004F02AFF92
:104120000546E9E7D9F80000D4F8B01020F0E040E7
:104130000843C9F80000E1E7206F30B1B0F1805FBB
:104140000BD0B0F1005F0DD0012595B12E4620684F
:10415000C04310F0807F15D01FE0386840F4003075
:104160003860F2E7012104F1080004F063FE05461F
:10417000EBE7D8F80000216F20F040500843C8F862
:104180000000E4E7A06C30B1012819D002281CD04F
:10419000032800D00125FDB12E462068DFF818B0B5
:1041A000C04310F4800F09E02C44025850440258D8
:1041B000584402584C4402581044025814D030E07D
:1041C000386840F400303860E5E7022104F1080067
:1041D00004F030FE0546DEE7F8480168A26C21F0E5
:1041E000030111430160D8E7F548006840F480718D
:1041F000F3480160FFF7A2F98246F148006810F425
:10420000807F0CD1FFF79AF9A0EB0A00642801D94E
:10421000032504E0EA48006810F4807FF2D045B13D
:104220002E462078DFF89CA3C04310F0010F60D029
:1042300070E0DFF894A3DAF80000B4F8B41000F4EA
:10424000407001F44071884211D0DAF8000020F487
:104250004070DAF8001041F48031CAF80010DAF842
:10426000001021F48031CAF80010CAF80000D4F818
:10427000B400B0F5807F16D1FFF760F90090DAF84E
:10428000000010F0020F0ED1FFF758F90099411A03
:1042900041F28830814201D9032504E0DAF80000B8
:1042A00010F0020FF0D00DB12E46BAE7D4F8B400EA
:1042B0004FF4407181430FD0DBF8000020F47C50B4
:1042C000CBF80000DAF80000B4F8B410C1F30B0129
:1042D0000843CAF80000A4E7DBF8001020F440709F
:1042E00020F0704021F47C5141EA1010CBF800001E
:1042F000E8E7E06F18280BD005DC48B108280FD09C
:10430000102804D113E0202802D0282800D001254D
:10431000A5B12E462078C04310F0020F17D02FE031
:10432000012104F1080004F085FD0546F0E70121B4
:1043300004F1280004F01EFE0546E9E7DAF8000063
:10434000E16F20F038000843CAF80000E2E7A06FF0
:10435000062812D2DFE800F012030A12121201211D
:1043600004F1080004F066FD054607E0012104F1B0
:10437000280004F0FFFD054600E0012535B12E467A
:104380002078C04310F0040F09D022E0DAF80000D2
:10439000A16F20F007000843CAF80000F0E7D4F846
:1043A0009400062812D2DFE800F012030A1212125B
:1043B000012104F1080004F03DFD054607E001215C
:1043C00004F1280004F0D6FD054600E0012535B1D2
:1043D0002E462078C04310F0200F0AD020E0D9F8F4
:1043E0000000D4F8941020F007000843C9F800003A
:1043F000EFE7D4F89000B0F1405F0FD007DC68B170
:10440000B0F1805F12D0B0F1005F06D115E0B0F1DD
:10441000804F03D0B0F1A04F00D00125A5B12E46AA
:104420002078C04310F0400F18D02EE0002104F196
:10443000080004F0FFFC0546F0E7022104F1280023
:1044400004F098FD0546E9E7DAF80000D4F890108A
:1044500020F0E0400843CAF80000E1E7D4F89C00EF
:10446000B0F5406F0FD007DC68B1B0F5806F12D0A7
:10447000B0F5006F06D115E0B0F5805F03D0B0F560
:10448000A05F00D00125A5B12E462078C04310F0D2
:10449000800F18D02EE0002104F1080004F0CAFCBF
:1044A0000546F0E7022104F1280004F063FD05460B
:1044B000E9E7D9F80000D4F89C1020F4E050084354
:1044C000C9F80000E1E7D4F8A000B0F5C04F0FD064
:1044D00007DC68B1B0F5005F12D0B0F5804F06D1AF
:1044E00015E0B0F5004F03D0B0F5204F00D0012506
:1044F000A5B12E462078C04310F0080F18D02CE04C
:10450000002104F1080004F095FC0546F0E70221C3
:1045100004F1280004F02EFD0546E9E7D9F8000073
:10452000D4F8A01020F460400843C9F80000E1E787
:10453000D4F88400B0F5805F06D1022104F1280090
:1045400004F018FD00B10126DAF80000D4F8841058
:1045500020F440500843CAF800002078C04310F00F
:10456000100F14D1D4F89800B0F5807F06D1022145
:1045700004F1280004F0FEFC00B10126D9F8000087
:10458000D4F8981020F440700843C9F8000020685F
:10459000C04310F4002F0BD1D4F8A400B0B1B0F593
:1045A000803F1AD0B0F5003F00D00125E5B12E467E
:1045B0002068C04310F4802F20D02DE04C440258D6
:1045C000004802585444025870440258002104F133
:1045D000080004F02FFC0546E8E7022104F128005A
:1045E00004F0C8FC0546E1E7D9F80000D4F8A410AF
:1045F00020F440300843C9F80000D9E7D4F8880017
:10460000B0F5801F0ED0B0F5001F10D0B0F5401FE0
:1046100000D0012595B12E462068C04310F4803F9C
:1046200016D01DE0386840F400303860F2E7012110
:1046300004F1280004F09EFC0546EBE7DAF80000E0
:10464000D4F8881020F440100843CAF80000E3E7CB
:10465000206D58B1B0F5803F0DD0012595B12E46A3
:104660002068C04310F0005F14D01AE0386840F4AE
:1046700000303860F2E7022104F1080004F0DAFBB0
:104680000546EBE76E480168226D21F48031114345
:104690000160E5E7022104F1280004F06BFC00B1A1
:1046A00001262068C04310F4003F0ED1D4F88000EA
:1046B00048B1B0F5807F0ED0B0F5007F03D0B0F5E3
:1046C000407F00D001255DB12E462068C04310F424
:1046D000801F0FD016E0386840F400303860F2E7F1
:1046E000DAF80000D4F8801020F440700843CAF8CB
:1046F0000000EAE7D8F80000616F20F000400843AE
:10470000C8F800002068C04310F0805F08D1DBF8D3
:104710000000D4F8B81020F480400843CBF8000023
:104720002068C04310F4001F07D1D8F80000E16EE4
:1047300020F080700843C8F800002068C04310F0E3
:10474000804F0CD1DBF8000020F40040CBF80000D3
:10475000DBF80000D4F8BC100843CBF80000206858
:10476000C04310F0004F06D135480168626D21F05A
:104770004051114301602068C04310F4000F08D17C
:10478000DAF80000D4F88C1020F440000843CAF88E
:10479000000020790025C04300F00100284306D125
:1047A000002104F1080004F045FB00B10646207921
:1047B000C04300F00200284306D1012104F10800A3
:1047C00004F038FB00B106462079C04300F0040035
:1047D000284306D1022104F1080004F02BFB00B1AC
:1047E00006462079C04300F00800284306D1002186
:1047F00004F1280004F0BEFB00B106462079C04356
:1048000000F01000284306D1012104F1280004F033
:10481000B1FB00B106462079C04300F020002843D8
:1048200006D1022104F1280004F0A4FB00B10646E1
:1048300016B10120BDE8F88F0020BDE8F88F000018
:104840004C4402582DE9F05F04460D46002C17D069
:10485000DFF88492D9F8000000F00F00A84212D2CD
:10486000D9F8000020F00F002843C9F80000D9F85B
:10487000000000F00F00A84205D00120BDE8F09F25
:104880000120BDE8F09F2078944E10F0040F0AD06C
:104890002069316801F07001884204D9316821F043
:1048A00070010843306020788D4F10F0080F0AD057
:1048B0006069396801F07001884204D9396821F0D3
:1048C000700108433860207810F0100F0AD0A069FA
:1048D000396801F4E061884204D9396821F4E06163
:1048E000084338602078DFF8FCB110F0200F0DD0BD
:1048F000E069DBF8001001F07001884206D9DBF8AE
:10490000001021F070010843CBF80000207810F06F
:10491000020F0AD0E068316801F00F01884204D923
:10492000316821F00F0108433060207810F0010F4A
:1049300051D03068A16820F470600843306060682E
:104940006949022808D003280DD0012812D009682F
:1049500011F0040F34D011E0096811F4003F0DD1BB
:104960000120BDE8F09F096811F0007F06D1012009
:10497000BDE8F09F096811F4807F1ED0DFF86CA1BC
:10498000DAF8001021F007010843CAF80000FEF72A
:10499000D5FD8046DAF80000616800F03800B0EB21
:1049A000C10F18D0FEF7CAFDA0EB080141F2883014
:1049B000814208D90320BDE8F09F0120BDE8F09FA7
:1049C0000120BDE8F09FDAF80000616800F03800CF
:1049D000B0EBC10FE6D1207810F0020F0AD0E068EA
:1049E000316801F00F01884204D2316821F00F01D3
:1049F00008433060D9F8000000F00F00A8420FD93A
:104A0000D9F8000020F00F002843C9F80000D9F8B9
:104A1000000000F00F00A84202D00120BDE8F09F86
:104A2000207810F0040F0AD02069316801F070017D
:104A3000884204D2316821F0700108433060207848
:104A400010F0080F0AD06069396801F070018842DF
:104A500004D2396821F0700108433860207810F0E2
:104A6000100F0AD0A069396801F4E061884204D2CD
:104A7000396821F4E06108433860207810F0200F95
:104A80000DD0E069DBF8001001F07001884206D219
:104A9000DBF8001021F070010843CBF8000000F0B3
:104AA0007BF83168C1F3032211498A5C02F01F02CE
:104AB000D040326802F00F02895C0E4A01F01F01FB
:104AC00020FA01F111600C4908600C480068BDE84B
:104AD000F05FFEF779BE0000002000521844025833
:104AE0001C44025820440258004402581044025802
:104AF00052B200080800002404000024B002002480
:104B00004DF804ED00F048F80B4A11680B4BC1F367
:104B10000321595C01F01F0120FA01F11068084AD5
:104B200000F00F00185C00F01F0021FA00F0106088
:104B3000044A11605DF804FB1844025852B20008A0
:104B400008000024040000244DF804EDFFF7D8FF0E
:104B500005490968054AC1F30211515C01F01F01C2
:104B6000C8405DF804FB00001C44025852B2000823
:104B70004DF804EDFFF7C4FF05490968054AC1F384
:104B80000221515C01F01F01C8405DF804FB0000E8
:104B90001C44025852B200084DF8044D69480068A0
:104BA000DFF8A4C1694B10F038014ED008294FEA54
:104BB0002C1047D0102959D0182943D164480168D6
:104BC00001F003010068C0F30510624A126802F0A8
:104BD0000102614C2468C4F3CC0414FB02F200EE21
:104BE000102AB8EE400A00287BD0DFED5C0A5C4A50
:104BF000B7EE001AA9B39FED5B2A012974D00229F0
:104C000071D001EE900A1068F8EE611AC2EE212A06
:104C1000C0F3080001EE900AF8EE611A40EE201A87
:104C200031EE810A22EE800A1068C0F34620401C53
:104C300000EE900AF8EE600A80EE201ABCEEC10A7F
:104C400010EE100A5DF8044B7047186810F0200F42
:104C500008D018685DF8044BC0F3C1002CFA00F0CE
:104C6000704707E05DF8044B604670473E485DF8CA
:104C7000044B7047196811F0200F1CD01968C1F35C
:104C8000C1012CFA01F101EE901AF8EE612A01EE51
:104C9000900A1068F8EE611A82EEA12AC0F30800AB
:104CA00001EE900AF8EE611A40EE201A31EE810A08
:104CB00022EE000AB8E701EE900ADFED2C2A106818
:104CC000F8EE611A82EEA12AC0F3080001EE900A04
:104CD000F8EE611A40EE201A31EE810A22EE000A47
:104CE000A2E72BE000E013E001EE900A1068F8EE76
:104CF000611AC2EE212AC0F3080001EE900AF8EE14
:104D0000611A40EE201A31EE810A22EE800A8BE70A
:104D100001EE900ADFED162A1068F8EE611A82EEB5
:104D2000A12AC0F3080001EE900AF8EE611A40EEE5
:104D3000201A31EE810A22EE000A75E75DF8044B75
:104D400000207047104402580090D00300440258DD
:104D5000284402582C4402583444025800000039B8
:104D6000304402580024744A00127A000024744C23
:104D70000024F44A2DE9F05F0446002C11D020787D
:104D8000DFF8F883FE4F10F0010FFE4D6BD0D8F81E
:104D9000000000F038003968102823D0182803D00C
:104DA00006E00120BDE8F09F01F00300022819D0C1
:104DB0006068B0F5803F1ED010B3B0F5A02F28D0AA
:104DC000286820F480302860286820F4802028603B
:104DD000606878B3FEF7B2FB0646286810F4003F1F
:104DE00020D040E0286810F4003F3CD0606830BB21
:104DF0000120BDE8F09F286840F480302860E7E794
:104E0000286820F480302860286820F480202860FA
:104E1000DEE7286840F480202860286840F480306D
:104E20002860D5E7FEF78AFB801B642803D903209E
:104E3000BDE8F09F04E0286810F4003FF2D012E0D3
:104E4000FEF77CFB0646286810F4003F0BD0FEF707
:104E500075FB801B642802D90320BDE8F09F2868F9
:104E600010F4003FF3D1207841F2030AC64E10F04F
:104E7000020F4BD0D8F8000000F038003968A0B11C
:104E8000182802D111F0030F0FD0E068002878D065
:104E9000296821F0190108432860FEF74FFB81467D
:104EA000286810F0040F41D04DE0286810F0040F7E
:104EB00001D0E06868B12868E16820F01900084373
:104EC0002860FEF73BFB8146286810F0040F03D0F2
:104ED0000FE00120BDE8F09FFEF730FBA0EB0900DA
:104EE000022802D90320BDE8F09F286810F0040FC3
:104EF000F2D0FEF71DFB504510D82069402806D09F
:104F0000316821F47C3141EA0030306051E0306892
:104F100020F47C3040F4003030604AE03068217C7E
:104F200020F0FE4040EA0160306042E0FEF706FB00
:104F3000A0EB0900022802D90320BDE8F09F2868F1
:104F400010F0040FF2D0FEF7F3FA504511D82069A3
:104F5000402806D0316821F47C3141EA00303060CD
:104F600027E0306820F47C3040F40030306020E0EE
:104F700007E03068217C20F0FE4040EA01603060AC
:104F800017E0286820F001002860FEF7D7FA814674
:104F9000286810F0040F0CD0FEF7D0FAA0EB09003F
:104FA000022802D90320BDE8F09F286810F0040F02
:104FB000F2D1207810F0100F45D0D8F8000000F0A2
:104FC00038003968DFF8C4B1082813D0182803D195
:104FD00001F0030001280DD0E069A8B3286840F073
:104FE00080002860FEF7AAFA8146286810F4807FC6
:104FF0002BD037E0286810F4807F05D0E069802846
:1050000002D00120BDE8F09FFEF792FA504510D87B
:10501000206A202806D0316821F0F84141EA8060FA
:10502000306056E0306820F0F84040F0804030605A
:105030004FE0DBF8000094F8201020F07C5040EAAC
:105040000160CBF8000044E02CE0FEF777FAA0EB1B
:105050000900022802D90320BDE8F09F286810F457
:10506000807FF2D0FEF764FA504510D8206A2028DD
:1050700006D0316821F0F84141EA8060306028E0D4
:10508000306820F0F84040F08040306021E0DBF8EC
:10509000000094F8201020F07C5040EA0160CBF82A
:1050A000000016E0286820F080002860FEF746FA2D
:1050B0000646286810F4807F0BD0FEF73FFA801B6D
:1050C000022802D90320BDE8F09F286810F4807FF1
:1050D000F3D1207810F0080F3AD0DFF8B49060696F
:1050E000D8B1D9F8000040F00100C9F80000FEF77F
:1050F00025FA0646D9F8000010F0020F28D1FEF775
:105100001DFA801B022802D90320BDE8F09FD9F8C0
:10511000000010F0020FF2D01AE0D9F8000020F0E1
:105120000100C9F80000FEF709FA0646D9F80000A8
:1051300010F0020F0CD0FEF701FA801B022802D9F2
:105140000320BDE8F09FD9F8000010F0020FF2D163
:10515000207810F0200F3DD0A06920B3286840F4DB
:1051600080502860FEF7EAF90646286810F4005FD0
:1051700030D1FEF7E3F9801B02280BE010440258FF
:105180002844025800440258044402580C4402586F
:105190007444025802D90320BDE8F09F286810F437
:1051A000005FE6D016E0286820F480502860FEF703
:1051B000C5F90646286810F4005F0BD0FEF7BEF96B
:1051C000801B022802D90320BDE8F09F286810F454
:1051D000005FF3D1207810F0040F6CD0B14E30682E
:1051E00040F480703060FEF7A9F98146306810F411
:1051F000807F0CD1FEF7A2F9A0EB0900642802D948
:105200000320BDE8F09F306810F4807FF2D0A068E2
:10521000A54E012816D0D0B1052821D0306820F045
:1052200001003060306820F004003060A06841F276
:10523000883A60B3FEF782F98146306810F0020FB9
:1052400017D038E0306840F001003060EEE7306899
:1052500020F001003060306820F004003060E5E7A5
:10526000306840F004003060306840F00100306089
:10527000DCE7FEF763F9A0EB0900504502D90320F3
:10528000BDE8F09F306810F0020FF2D013E0FEF797
:1052900055F98146306810F0020F0CD0FEF74EF938
:1052A000A0EB0900504502D90320BDE8F09F30680B
:1052B00010F0020FF2D1616AA1B3D8F80000DFF854
:1052C000EC9100F03800182809F10408A9F104064F
:1052D0007DD0022912D0286820F080702860FEF767
:1052E0002DF90446286810F0007F1BD0FEF726F940
:1052F000001B02286CD90320BDE8F09F286820F02D
:1053000080702860FEF71AF98246286810F0007F46
:105310000DD0FEF713F9A0EB0A00022803D90320F1
:10532000BDE8F09FBBE0286810F0007FF1D138683D
:10533000E16A20F0F30020F4407040EA0110A16A15
:1053400008433860208E4FF47E42616B401E491E38
:10535000C0F3080002EA41210843218FD201491E0F
:1053600002EA0141084394F83C10491E120202EA85
:1053700001610843C9F80000306820F00100306086
:10538000D8F80000A16C6FF3CF0040EAC100C8F864
:1053900000003068216C20F00C0008433060306859
:1053A000616C20F0020008433060306840F48030C7
:1053B0003060306840F400303060306840F4802065
:1053C0003060306840F001003060286801E01DE086
:1053D00016E040F080702860FEF7B0F804462868B8
:1053E00010F0007F5BD1FEF7A9F8001B022802D95C
:1053F0000320BDE8F09F286810F0007FF3D04EE056
:10540000286810F0007F7FF471AF48E03A68D9F85F
:105410000000012921D0A36A02F0030199421CD1A6
:10542000E16AC2F30512914217D1226BC0F3080161
:10543000521E914211D1616BC0F34622491E914226
:105440000BD1A16BC0F30642491E914205D1E16B1D
:10545000C0F30660491E814202D00120BDE8F09FE2
:10546000D8F80000C0F3CC00A16C814217D030689E
:1054700020F001003060FEF761F80546FEF75EF8A7
:10548000A842FBD0D8F80000A16C6FF3CF0040EA2F
:10549000C100C8F80000306840F001003060002012
:1054A000BDE8F09F0048025870440258304402584A
:1054B000704700002DE9F041044621680A694B69F4
:1054C00002EA0305D1F80880002094F8816013F403
:1054D000006F0BD012F0080F08D0886940F400600C
:1054E0008861204600F092FABDE8F08105F04001A5
:1054F00005F02002114309D115F0040F06D0616FA9
:1055000020468847216F20468847012005F0450145
:10551000012903D1216F20468847012005F026018B
:10552000022903D1616F2046884701200028DBD182
:1055300015F0080F4FF0010763D02068816941F032
:10554000080181612068816941F010018161206852
:10555000816941F4006181612068016921F00801DD
:1055600001612068806810F4404F28D1B4F86A00C7
:1055700028B3E0680F2807D92068006B616E0860C7
:10558000606E001D606611E0072807D92068008E54
:10559000616E0880606E801C606607E0206890F88D
:1055A0003000616E0870606E401C6066B4F86A007E
:1055B000401EA4F86A00B4F86A000028D9D1204639
:1055C00003F07EFD84F88170D4F8840020B1204679
:1055D000FFF76EFFBDE8F081052E08D0042E0BD03A
:1055E000032EF7D1204600F012FCBDE8F0812046E2
:1055F00000F00EFCBDE8F081204600F0E7F9BDE8C0
:10560000F08115F4587FFAD015F0400F0AD0D4F885
:10561000840040F00400C4F884002068816941F0EF
:105620004001816115F4007F0AD0D4F8840040F075
:105630000100C4F884002068816941F4007181612F
:1056400015F4807F0AD0D4F8840040F00800C4F834
:1056500084002068816941F48071816115F0200F18
:105660000AD0D4F8840040F08000C4F88400206898
:10567000816941F020018161D4F884000028BED006
:105680002068016821F0010101602068016921F0B2
:105690006B0121F4407101614FF4404030EA080091
:1056A00006D084F881702046FFF702FFBDE8F08144
:1056B0002068816821F4404181600F4DE06F50B156
:1056C0000565E06FFCF7ACFB28B1D4F8840040F02E
:1056D0004000C4F88400A06F0028E7D00565A06FE3
:1056E000FCF79EFB0028E1D0D4F8840040F0400095
:1056F000C4F88400BDE8F081859100082DE9F041EF
:105700000446002C12D00025A562DFF864812068D1
:10571000584E594F40450CD0B0420AD0B84208D03C
:10572000E0680F2805D90120BDE8F0810120BDE81F
:10573000F081204603F033FD01462068404505D046
:10574000B04203D0B84201D0082907D8404503D061
:10575000B04201D0B84204D1102902D90120BDE8DD
:10576000F08194F8810020B984F88050204600F040
:1057700085F8022084F881002068016821F0010189
:1057800001602068816801F4F812A169B1F1806FAD
:105790000ED16168B1F5800F01D1A36B23B139B986
:1057A000A16BB1F1805F03D1016841F480510160C8
:1057B000606810F4800F0AD0E068072807D32068DB
:1057C0000168236D21F480711943016004E02068B1
:1057D000016821F480710160A16AE0690843E16B0E
:1057E00011430843E168084321688860616A606B7F
:1057F000A2690843A16B1143084321690843616909
:105800000843216A084361680843E16C0843A168C2
:105810000843A16C0843A16D08432168C860606813
:1058200068B92068816821F4C05141F40061816049
:105830002068816821F4C06141F480618160206842
:10584000016D21F001010165606810F4800F06D040
:105850002068C168626D21F000411143C160C4F845
:105860008450012084F881000020BDE8F081000010
:105870000030014000380040003C00402DE9F04F6E
:10588000B7B00446142132A8FAF794FEC02102A84A
:10589000FAF790FE4849206888427DD181140020A3
:1058A000CDE90210012704971520059002260696DF
:1058B000079608964FF0C008CDF824804FF02009D5
:1058C000CDF8289000250B9508461A9002A8FEF7FF
:1058D00065FA08B1FBF7E7FF3848016841F48051E9
:1058E0000160006800F4805001903448103801686D
:1058F00041F001010160006800F001000190CDF865
:10590000C890339634954FF00309CDF8D4904FF0FA
:10591000050ACDF8D8A032A9DFF8A4B05846FDF7A3
:10592000FFFCCDF8C88033963497CDF8D490CDF8ED
:10593000D8A032A95846FDF7F3FC234E2148306029
:1059400025207060B560F5604FF480673761756140
:10595000B561F5614FF44030306275623046FCF756
:105960006FFF08B1FBF79FFFE667B4631548164E5B
:10597000183078363060262070604020B060F560C6
:1059800037617561B561F561C0023062756230469C
:10599000FCF756FF18B100E00BE0FBF784FFA667A9
:1059A000B463002223201146FDF79EFF2320FDF75C
:1059B0008DFF37B0BDE8F08F00300140F044025851
:1059C0000000025870040240D404002470B5002581
:1059D00000210D4B01EB410253F82240844201D1DA
:1059E00003EB8205491C0629F4DB6C6806E0A4F190
:1059F0002000018B4069FDF78DFD2468A8680068D0
:105A0000A042F4D170BD00000C00002470472DE9C5
:105A1000FF4F81B0044692461D460E9FE06B400941
:105A2000401C1FFA80F9FDF789FD80462E4694F848
:105A30008100012803D005B00220BDE8F08F029854
:105A4000002849D0BAF1000F46D0280044D094F87D
:105A50008000012844D04FF0010B84F880B005206D
:105A600084F881000020C4F88400C4F864A0A4F87D
:105A70006A50A4F868500299E165A4F86250A4F84D
:105A80006050206760672068C16821F4C021C16050
:105A90002068A0F18041B1F598311AD0A0F1804181
:105AA000B1F5605115D0A0F18041B1F5705110D021
:105AB0004FF0080A41686FF30F01294341602068E5
:105AC000016841F0010101606068B0F5800F0BD002
:105AD0000FE04FF0100AEDE705B00120BDE8F08FB0
:105AE00005B00220BDE8F08F2068016841F4007124
:105AF0000160E0680F2861D94FEA9A0A206841697D
:105B000011F0020F11D086B106EB0A01A9420CD99F
:105B1000E16D09680162E06D001DE065B4F86200A6
:105B2000401EA4F86200B4F86260206841691DB3A9
:105B3000426912F0010F0DD0006B616E0860606E5B
:105B4000001D6066B4F86A00401EA4F86A00B4F84C
:105B50006A501CE04D4510D211F4004F0DD0006B7F
:105B6000616E0860606E001D6066B4F86A00401ED9
:105B7000A4F86A00B4F86A5009E0FDF7DFFCA0EB76
:105B80000800B84202D3B7F1FF3F05D127B156EA6A
:105B90000500B3D100F007B9204603F091FAD4F81C
:105BA000840040F48070C4F8840084F881B0002040
:105BB00084F8800005B00320BDE8F08F07287AD96B
:105BC0004FEA5A0A2068416911F0020F11D086B1DC
:105BD00006EB0A01A9420CD9E16D09880184E06D48
:105BE000801CE065B4F86200401EA4F86200B4F8BE
:105BF0006260206841694DB3426912F0010F0DD017
:105C0000008E616E0880606E801C6066B4F86A0069
:105C1000401EA4F86A00B4F86A5035E04D4516D22B
:105C200011F4004F13D0008E616E0880606E801CEE
:105C300060662168098E0180606E801C6066B4F821
:105C40006A00801EA4F86A00B4F86A501CE0012DB6
:105C500010D111F4005F0DD0008E616E0880606E6F
:105C6000801C6066B4F86A00401EA4F86A00B4F8AC
:105C70006A5009E0FDF762FCA0EB0800B84202D3CD
:105C8000B7F1FF3F04D11FB156EA05009AD18AE06F
:105C9000204603F015FAD4F8840040F48070C4F86C
:105CA000840084F881B0002084F8800005B00320CF
:105CB000BDE8F08FFFE72068416911F0020F12D0B4
:105CC0008EB106EB0A01A9420DD9E16D097880F881
:105CD0002010E06D401CE065B4F86200401EA4F89E
:105CE0006200B4F8626020684169D5B3426912F07D
:105CF000010F0ED090F83000616E0870606E401C8D
:105D00006066B4F86A00401EA4F86A00B4F86A50ED
:105D100046E04D4526D211F4004F23D090F83000D4
:105D2000616E0870606E401C6066216891F83010EA
:105D30000170606E401C6066216891F8301001703F
:105D4000606E401C6066216891F830100170606ED2
:105D5000401C6066B4F86A00001FA4F86A00B4F83A
:105D60006A501DE0042D11D211F4C04F0ED090F8EE
:105D70003000616E0870606E401C6066B4F86A00A6
:105D8000401EA4F86A00B4F86A5009E0FDF7D6FB9B
:105D9000A0EB0800B84202D3B7F1FF3F21D107B30F
:105DA00056EA050087D100223B4608212046CDF85F
:105DB000008003F00AFA28B1D4F8840040F02000F3
:105DC000C4F88400204603F07BF984F881B00020F9
:105DD00084F88000D4F88400A8B105B00120BDE8A3
:105DE000F08F204603F06CF9D4F8840040F4807002
:105DF000C4F8840084F881B0002084F8800005B0E5
:105E00000320BDE8F08F05B00020BDE8F08F70479B
:105E1000FFF7DCBD401EB0F1807F01D30120704749
:105E20004FF0E0214861F020034A107000208861A3
:105E3000072008610020704723ED00E0704770479D
:105E4000704710B50446002C03D094F83D0010B103
:105E500007E0012010BD002084F83C00204600F03F
:105E600023F8022084F83D002068211D03F000FB88
:105E7000012084F8480084F83E0084F83F0084F84C
:105E8000400084F8410084F8420084F8430084F81C
:105E9000440084F8450084F8460084F8470084F8FC
:105EA0003D00002010BD000008B500680B49884285
:105EB00012D10B48016841F480710160006800F460
:105EC0008070009000222D201146FDF70DFDBDE8E9
:105ED00008402D20FDF7FABC08BD0000002000405E
:105EE000E844025890F83D10012901D00120704784
:105EF000022180F83D100168CA6842F00102CA60C0
:105F00000068A0F18041B1F5803126D0B0F1804F1A
:105F100023D0A0F18041B1F580611ED0A0F1804175
:105F2000B1F5006119D0A0F18041B1F5406114D004
:105F3000A0F18041B1F582310FD0A0F18041B1F5DF
:105F4000C0510AD0A0F18041B1F5A03105D001685F
:105F500041F001010160002070478168054A11404D
:105F60000629F8D0B1F5803FF5D0016841F0010174
:105F70000160F0E70700010070472DE9F041044699
:105F80002068C66805694FF0000715F0020F16D0AB
:105F900016F0020F13D0F91E01610120207720684E
:105FA000806910F0030F03D02046FFF7E5FF05E0FE
:105FB000204600F0A0F8204600F09EF8277715F064
:105FC000040F18D016F0040F15D021686FF00400EC
:105FD0000861022020772068806910F4407F03D098
:105FE0002046FFF7C9FF05E0204600F084F8204670
:105FF00000F082F8277715F0080F18D016F0080F78
:1060000015D021686FF0080008610420207720680F
:10601000C06910F0030F03D02046FFF7ADFF05E085
:10602000204600F068F8204600F066F8277715F063
:10603000100F18D016F0100F15D021686FF0100057
:106040000861082020772068C06910F4407F03D0E1
:106050002046FFF791FF05E0204600F04CF820466F
:1060600000F04AF8277715F0010F09D016F0010F5C
:1060700006D021686FF001000861204600F03EF86C
:1060800005F0800005F40051084309D016F0800F98
:1060900006D021686FF4025008612046FFF7CFFE5A
:1060A00015F4807F09D016F0800F06D021686FF4B8
:1060B000807008612046FFF7C1FE15F0400F09D03F
:1060C00016F0400F06D021686FF0400008612046AE
:1060D00000F020F815F0200F0BD016F0200F08D09C
:1060E00021686FF0200008612046BDE8F041FFF70D
:1060F000A7BEBDE8F08170477047000003498842A1
:1061000002D103488069004770470000C40500249D
:10611000BC0F0024704790F88410012918D0012189
:1061200080F884102421C0F8881001680A680B6880
:1061300023F001030B6022F0005100224266036845
:1061400019602021C0F8881080F884200020704752
:10615000022070477047704770B5044694F8840079
:1061600001281DD0012084F884002420C4F8880070
:1061700020680568026822F00102026020688268D7
:1061800022F0606211438160204603F009FA206822
:1061900005602020C4F88800002084F8840070BDC9
:1061A000022070BD70B5044694F8840001281DD00B
:1061B000012084F884002420C4F888002068056841
:1061C000026822F0010202602068826822F06042C8
:1061D00011438160204603F0E3F920680560202028
:1061E000C4F88800002084F8840070BD022070BDCF
:1061F00070477047704700002DE9F041044623685E
:10620000D86919689A6840F60F0C00EA0C0CBCF1CA
:10621000000F0FD110F0200F0CD001F0200502F07C
:106220008056354306D0616F00297DD02046BDE8F9
:10623000F041084700250226BCF1000F75D0DFF8B9
:1062400064C3D94F02EA0C0C0F405CEA07076CD01C
:1062500010F0010F0AD011F4807F07D001271F62D0
:10626000D4F8903043F00103C4F8903010F0020FDE
:106270000AD012F0010F07D023681E62D4F89030C4
:1062800043F00403C4F8903010F0040F0BD012F068
:10629000010F08D0266804233362D4F8903043F00D
:1062A0000203C4F8903010F0080F0FD001F0200363
:1062B00053EA0C030AD0D4F800C00823CCF82030ED
:1062C000D4F8903043F00803C4F8903010F4006F15
:1062D0000ED011F0806F0BD0D4F800C04FF40063E3
:1062E000CCF82030D4F8903043F02003C4F890303C
:1062F000D4F89030002B3FD010F0200F09D001F0DF
:10630000200002F08051084303D0616F09B120469C
:106310008847D4F890002168896811F0400F02D1B5
:1063200010F0280F2FD001E026E033E0204603F0E4
:1063300038FA2068806810F0400F1FD020680830BD
:1063400050E8001F21F0400140E80012002AF5D17A
:10635000D4F8800068B195490165D4F88000FBF756
:106360005FFD002808D0D4F88000016DBDE8F04141
:1063700008472046FFF73EFFBDE8F0812046FFF7C3
:1063800039FFBDE8F0812046FFF734FFC4F8905094
:10639000BDE8F081D4F86CC0BCF1010F7DD110F0E4
:1063A000100F7AD011F0100F77D0102018622068EB
:1063B00080684FF0200310F0400F7ED0D4F880109A
:1063C0007B4A086890422CD07A4A904229D07A4A77
:1063D000904226D0794A904223D0794A904220D0E8
:1063E000784A90421DD0784A90421AD0774A90421B
:1063F00017D0774A904214D0764A904211D0764A0C
:1064000090420ED0754A90420BD0754A904208D007
:10641000744A904205D0744A904202D0734A904226
:1064200001D1406800E0406880B20028B0D0B4F8E4
:106430005C208242ACD9A4F85E00C869B0F5807FC8
:106440002FD0206850E8001F21F4807140E800122E
:10645000002AF6D12068083050E8001F21F0010121
:1064600040E80012002AF5D12068083050E8001FEB
:1064700021F0400140E80012002AF5D1C4F88C3028
:10648000E566206850E8001F21F0100140E8001286
:10649000002AF6D1D4F8800001E044E00DE0FBF7DB
:1064A0000BFB2667B4F85C00B4F85E10401A81B2AA
:1064B0002046FFF74FFEBDE8F081B4F85C00B4F869
:1064C0005E10401A81B2B4F85E000028F3D00029B3
:1064D000F1D0206850E8002F22F4907240E8002CA0
:1064E000BCF1000FF5D12068083050E8002F22F0F1
:1064F000010222F0805240E8002CBCF1000FF2D1E2
:10650000C4F88C30E5666567206850E8002F22F0FB
:10651000100240E80023002BF6D126672046FFF743
:1065200019FEBDE8F08110F4801F0AD012F4800F2C
:1065300007D04FF4801018622046BDE8F041FFF705
:1065400058BE10F0800F0CD001F0800302F400025E
:106550001A4306D0A16F0029E3D02046BDE8F041E0
:10656000084710F0400F07D011F0400F04D020462C
:10657000BDE8F04103F03DB910F4000F07D011F071
:10658000804F04D02046BDE8F041FFF731BE10F047
:10659000807FC6D011F0004FC3D02046BDE8F04147
:1065A000FFF7D9BD01000010200100048F970008FB
:1065B0001000024028000240400002405800024003
:1065C0007000024088000240A0000240B800024073
:1065D00010040240280402404004024058040240D3
:1065E0007004024088040240A0040240B804024043
:1065F00010B50446002C03D0D4F8880010B107E091
:10660000012010BD002084F88400204600F028F806
:106610002420C4F888002068016821F0010101608D
:10662000A06A10B1204602F0E9FF204603F0F4F81A
:10663000012813D02068416821F49041416020680E
:10664000816821F02A0181602068016841F0010120
:1066500001602046BDE8104003F03CB8012010BDA9
:106660002DE9F04FB7B00446142132A8F9F7A2FF84
:10667000C02102A8F9F79EFFFE4A0227FE4D002026
:1066800021684FF4807ADFF8F093083D16154FF03B
:10669000400891427ED102220021CDE902218346A9
:1066A000209002A8FDF77AFB08B1FBF7FCF8D9F8B7
:1066B000000040F40020C9F80000D9F8000000F400
:1066C00000200190286840F001002860286800F050
:1066D00001000190286840F004002860286800F05C
:1066E0000400019032973397CDF8D0B0CDF8D4B0F4
:1066F0000825369532A9E148FCF712FE3296339709
:10670000CDF8D0B0CDF8D4B0369532A9DC48FCF73E
:1067100007FEDD4DDB4828603F206860C5F808B003
:10672000C5F80CB02E61C5F814B0C5F818B0C5F89E
:106730001CA0C5F820B0C5F824B02846FCF780F8A6
:1067400008B1FBF7B0F8C4F88050AC63CD48CE4D2B
:10675000183078352860C5F80480C5F80880C5F879
:106760000CB02E61C5F814B0C5F818B0C5F81CB04F
:10677000C5F820B0C5F824B02846FCF761F808B188
:10678000FBF791F8E567AC63002234201146FDF772
:10679000ABF800E005E03420FDF798F837B0BDE82D
:1067A000F08FBA4A914252D102220021CDE9022152
:1067B0008246209002A8FDF7F1FA08B1FBF773F8C2
:1067C000D9F8000040F48010C9F80000D9F80000A2
:1067D00000F480100190286840F0020028602868CA
:1067E00000F0020001904FF4405032903397CDF802
:1067F000D0A0CDF8D4A00E20369032A9A448FCF742
:106800008FFDA14DA348F035286042206860C5F88F
:106810000880C5F80CA02E61C5F814A0C5F818A012
:10682000C5F81CA0C5F820A0C5F824A02846FCF790
:1068300007F808B1FBF737F8E567AC6300220121E0
:106840003520FDF751F83520FDF740F8A6E7924ACC
:106850004FF0070B914272D102220021CDE90221B3
:106860008246209002A8FDF799FA08B1FBF71BF8C1
:10687000D9F8000040F08040C9F80000D9F80000C5
:1068800000F080400190286840F0100028602868DF
:1068900000F0100001904FF4C07032903397CDF8A3
:1068A000D0A0CDF8D4A0CDF8D8B032A97B48FCF761
:1068B00037FD7B4D7348303028604F206860C5F845
:1068C00008A0C5F80CA02E61C5F814A0C5F818A042
:1068D000C5F81CA0C5F820A0C5F824A02846FBF7E1
:1068E000AFFF08B1FAF7DFFFC4F88050AC6365482A
:1068F0006B4D48307835286050206860C5F80880B6
:10690000C5F80CA02E61C5F814A0C5F818A0C5F8EC
:106910001CA0C5F820A0C5F824A02846FBF790FFCE
:1069200008B1FAF7C0FFE567AC63002252201146B8
:10693000FCF7DAFF5220FCF7C9FF2FE7FFE7594ABF
:10694000914254D101220021CDE9022180462190BB
:1069500002A8FDF723FA08B1FAF7A5FF4649083166
:10696000086840F010000860086800F0100001900E
:10697000286840F001002860286800F001000190BC
:106980004FF4C06032903397CDF8D080CDF8D480EA
:10699000CDF8D8B032A93948FCF7C2FC3D48404D8B
:1069A000A838F035286029206860C5F80880C5F847
:1069B0000C802E61C5F81480C5F81880C5F81CA09D
:1069C0004FF400302862C5F824802846FBF738FFD2
:1069D00008B1FAF768FFC4F88050AC6300220121C7
:1069E0002520FCF781FF2520FCF770FFD6E62E4A14
:1069F00091427CD102220021CDE902210020209089
:106A000002A8FDF7CBF908B1FAF74DFFD9F800005D
:106A100040F40030C9F80000D9F8000000F400305C
:106A20000190286840F001002860286800F001000B
:106A300001900C2032903397002734973597CDF88A
:106A4000D8B032A90D48FCF76BFC184D11489038AE
:106A500028602B206860AF60EF602E616F61AF61CE
:106A6000C5F81CA02F626F622846FBF7E9FE00B153
:106A70001EE01FE0004C0040E844025800000258AD
:106A800000080258100402401C0A00240050004074
:106A900000040258B800024000780040001002587C
:106AA000840B00240010014000440040EC0C002442
:106AB000FAF7F9FEC4F88050AC637F4D7D4828603A
:106AC0002C206860C5F80880EF602E616F61AF61AF
:106AD000EF612F626F622846FBF7B2FE08B1FAF74A
:106AE000E2FEE567AC6300222620114600E005E0E7
:106AF000FCF7FAFE2620FCF7E9FE4FE66F4A9142CA
:106B000065D102220021CDE902210020209002A8B7
:106B1000FDF744F908B1FAF7C6FED9F8000040F4D1
:106B20008020C9F80000D9F8000000F4802001900E
:106B3000286840F008002860286800F008000190EC
:106B40004FF4407032903397002734973597CDF843
:106B5000D8B032A95A48FCF7E3FB5648564D1830D6
:106B6000783528602D206860AF60EF602E616F611E
:106B7000AF61C5F81CA02F626F622846FBF760FE6C
:106B800008B1FAF790FEC4F88050AC6349484A4D0A
:106B90003030F03528602E206860C5F80880EF603E
:106BA0002E616F61AF61EF612F626F622846FBF764
:106BB00047FE08B1FAF777FEE567AC6300222720AD
:106BC0001146FCF791FE2720FCF780FEE6E53D4AE2
:106BD000914292D101210022CDE9021281462190F9
:106BE00002A8FDF7DBF808B1FAF75DFE3648016848
:106BF00041F020010160006800F020000190286849
:106C000040F004002860286800F004000190C020D3
:106C100032903397CDF8D090CDF8D490CDF8D8B04D
:106C200032A92A48FCF77CFB294D224848302860CD
:106C300047206860C5F80890C5F80C902E61C5F82B
:106C40001490C5F81890C5F81CA0C5F82090C5F898
:106C500024902846FBF7F4FD08B1FAF724FEC4F8A7
:106C60008050AC6313481A4D603078352860482056
:106C70006860C5F80880C5F80C902E61C5F81490BE
:106C8000C5F81890C5F81C90C5F82090C5F8249058
:106C90002846FBF7D5FD08B1FAF705FEE567AC63BA
:106CA000002247201146FCF71FFE4720FCF70EFE8E
:106CB00074E5000040000240640D002400480040DC
:106CC000000C025800140140F04402580008025819
:106CD000CC0E00247047000070B5044600202074DC
:106CE0003B4DA27B616828884243D4F8F400F9F751
:106CF0000DFCA17B288841436068F9F75BFCA07B11
:106D000010FB00F128884143D4F81801F9F752FC30
:106D1000207BA17B10FB01F128884143D4F80C01B2
:106D2000F9F748FC002029E0D4F8F41001EB8002C8
:106D300092ED000AB5EEC00AF1EE10FA1CD0227CEA
:106D400001EB820181ED000A227C616A8854A1690D
:106D5000227B01EB8001237C91ED000A6169095CD3
:106D600012FB0311D4F80C21491E02EB810181EDC5
:106D7000000A217C491C2174401CC0B2A17B8142C5
:106D8000D2D8002010E0636AE26900FB01011B5CBD
:106D900002EB830292ED000AD4F8182102EB810184
:106DA00081ED000A401CC0B2217C8142EBD85C34EA
:106DB00014F84C0CA08314F8500CE083A084E184F8
:106DC000A186E186A087E18724F8141C70BD00002D
:106DD000B8010024FEE7000010B501F03DFC4FF4BF
:106DE000F070FAF76BFC064800F086FF054906488C
:106DF00002F0AEFBBDE81040044802F0A5BB000065
:106E0000BC00002441940008C4050024BC0F0024E9
:106E1000F0B504460E4615462DED068B87B08F4F14
:106E200094ED040A8E48D7ED030A70EE600AF0EE86
:106E3000E00A10EE901A814219DCD4ED050A97EDB4
:106E4000041A70EEC10AF0EEE00A10EE901A8142C8
:106E50000DDCD4ED060A97ED051A70EEC10AF0EECE
:106E6000E00A10EE901A814201DC2078F0B3DFEDE9
:106E70007DAAC0EE2A0AB7EEE00A03F029FAF7EE7F
:106E8000C09B94ED050AC0EE2A0AB7EEE00A03F0B3
:106E90001FFAB7EEC09B94ED060AC0EE2A0AB7EEC1
:106EA000E00A03F015FAB7EEC0AB94ED040AC0EEA9
:106EB0002A0AB7EEE00A03F00BFBF7EEC08B94ED65
:106EC000050AC0EE2A0AB7EEE00A03F001FBB7EEAE
:106ED000C08B94ED060AC0EE2A0AB7EEE00A03F072
:106EE000F7FAB7EEC00B69EE8A0A00E035E068EE0B
:106EF000881AB0EE601A01EE801A87ED061A29EEA4
:106F0000281A87ED071A29EE801A6AEE281A01EE70
:106F1000C81A87ED081A29EE881A21EE001A0AEE1F
:106F2000681A87ED091A29EE891A87ED0A1AB1EE57
:106F3000681A21EE001A00EEC81A87ED0B1AF1EE5E
:106F4000490A20EE800A87ED0C0A87ED0D8A29EEAA
:106F50000A0A87ED0E0A00202070002004A906EB23
:106F6000800292ED000A04EB8002D2ED010A01EBEF
:106F7000800220EE200A82ED000A401CC0B20328E5
:106F8000EDD39DED040AD7ED065ADDED050AD7EDE8
:106F9000074A60EE251A9DED061A97ED083A44EE71
:106FA000A01A43EE011AC6ED001AD7ED093A97ED83
:106FB0000A2AD7ED0B1A60EE232A42EE202A41EE70
:106FC000812AC6ED012A97ED0C4AD7ED0D2A97EDDF
:106FD0000E5A20EE040A02EEA00A05EE010A86ED22
:106FE000020A002001A905EB800292ED000A01EBE4
:106FF000800282ED000A401CC0B20328F3D39DED4D
:10700000010ADDED020A9DED031A60EE255A44EEF9
:10701000A05A43EE015AC5ED005A20EE233A02EE83
:10702000203A01EE813A85ED013A20EE040A02EEA3
:10703000A00A05EE010A85ED020A94ED040A87ED27
:10704000030A94ED050A87ED040A94ED060A87ED1C
:10705000050A07B0BDEC068BF0BD000070010024EE
:107060006F12833AE12E654270B50446544DD4F850
:10707000EC0090ED000A85ED040AD0ED010AC5EDA3
:10708000050A90ED021A85ED061AD0ED031AC5ED3A
:10709000071A20EE000A00EEA00A01EE010A01EE36
:1070A000A10A04F079F885ED080A0020D4F8EC1064
:1070B00001EB8001D1ED000A60EE800AC1ED000A0B
:1070C000401CC0B20428F1D33E48F83495ED050ABF
:1070D000B6EE002AD0ED6F0AA16860EE800A60EE7D
:1070E000820AC1ED040A90ED6F1AD5ED060AA16877
:1070F00021EE201A21EE021A81ED051AD0ED6F1A49
:1071000095ED041AFEEE002AA16861EE811A61EE87
:10711000A21AC1ED0A1A90ED6F3AD5ED071AA168CF
:1071200023EE213A23EE023A81ED0B3A90ED6F3ACD
:10713000A16863EE211A61EEA21AC1ED101AD0ED1A
:107140006F1AA16821EE811A21EE221A81ED111A1F
:1071500090ED6F1AA16861EE200A60EE820AC1ED1F
:10716000160AD0ED6F0AA16820EE800A20EE220AEE
:1071700081ED170A2168D0ED740A91ED1C0A80EEAA
:10718000201A81ED1C1A2168D0ED740A91ED230AB2
:1071900080EE201A81ED231A54F8F8090A499FED70
:1071A0000B0A026F8A4201DD80ED1C0AD4F8F80058
:1071B000D0F88C208A4201DD80ED230A70BD0000EA
:1071C000D8010024F010002400401C4600401C465A
:1071D00070B505462A4C0126267084ED6C0AC4ED74
:1071E0006D0A84ED6E1A9FED270A84ED730A002064
:1071F00084F83801D034002121676167A167E16715
:10720000D03C11EE900AB0F17E5F01DDF7EE001A7E
:10721000C4ED741A84ED642A032300220621201D84
:1072200000F046FE184B01221146A3F1080003F0BE
:107230000FFE002105EB810090ED000AD4F8EC0070
:1072400000EB810080ED000A491C0429F2DB0F48A5
:1072500044F8D00F0E4860600E48A0600E48E06011
:1072600004F8A26C04F8A16C90220C49606BF9F749
:107270004DF9E06A9022BDE870400949F9F746B936
:10728000F010002477CC2B32B8120024A57200082D
:1072900069700008D972000879770008A0B2000868
:1072A0001C02002410B504460948902254F8F81F27
:1072B000F9F72CF907484822616AF9F727F90548D8
:1072C00048226169BDE810404830F9F71FB9000055
:1072D0001C020024D012002470B504462D4DB0EEDF
:1072E000000A54F8EC0FD0ED000A60EE800AC5EDFC
:1072F000090AD0ED010A60EE800AC5ED0A0AD0ED58
:10730000020A60EE800AC5ED0B0AD0ED030A20EEFA
:10731000800A85ED0C0A14F8DE0C14F8E01C10FB52
:1073200001F11D4800884143206AF9F743F995EDC2
:107330000B2A206AF1EE421AC0ED001A206A95ED80
:107340000C0A80ED010AD5ED090A206AB1EE601A37
:1073500080ED021A206A95ED0A1A80ED031A206A60
:1073600080ED061A206AC0ED070A206A80ED080A3F
:10737000206A80ED092A206AC0ED0C0A206AF1EE2D
:10738000410AC0ED0D0A206AC0ED0E1A206A80ED98
:107390000F0A70BDD8010024B801002470B52DED8E
:1073A000048BF0EE618AB0EE429AB0EE628AE74C4E
:1073B00084ED2E3AD4ED171A30EE610A84ED1A0AE4
:1073C000D4ED181A70EEE10AC4ED1B0AD4ED191AB7
:1073D00031EE611A84ED1C1AF6EE001ADC4D20EE37
:1073E000210A20EE030A85ED000A20EEA10A20EE14
:1073F000030A85ED010A21EE210A20EE030A85ED3C
:10740000020AD44990222068F9F780F895ED000A25
:107410002068B1EE402A80ED012AD5ED010A2068EE
:10742000F1EE602AC0ED022A95ED021A2068F1EE15
:10743000411AC0ED031A206880ED060A206880ED2D
:10744000081A2068C0ED092A2068C0ED0C0A2068DF
:10745000C0ED0D1A206880ED0F0A206880ED121A29
:107460002068C0ED130A206880ED142AD4E91101C8
:10747000A4F58274084305D1C4ED5E8A84ED5F9A59
:1074800084ED608A94ED5E0AD4ED640A94ED6F1A7F
:1074900020EE202A31EE200AC2EE001A21EE282A20
:1074A000C2EE002A31EEA22A84ED5E2AD4ED5F1AE4
:1074B00061EEA02AC2EE801A61EE092A82EE803ABD
:1074C00071EE831AC4ED5F1AD4ED602A21EE081A1A
:1074D00062EEA02AC2EE800AC1EE002A70EEA20A75
:1074E000C4ED600A22EE020A01EEA10A00EEA00A33
:1074F00003F052FE85ED030A002004EB8001D1ED7C
:107500005E0AA16860EE800A01EB8001C1ED000A0D
:10751000401CC0B20328F0D394ED5B0AD4ED5C0AA2
:1075200020EE000A00EEA00AD4ED5D0A00EEA00AEB
:1075300003F032FEB7EE009A89EE001A84ED651A68
:10754000D5ED030A89EE200A84ED660A11EE100AD1
:10755000814988420DDA10EE100A8049884208DD20
:1075600010EE100A7E49884203DA012084F83901BE
:1075700002E0002084F8390104F58C7494ED260AA9
:10758000D4ED290A206820EE200A80ED000A94ED4F
:10759000260AD4ED290A206820EE200A80ED070A89
:1075A00094ED260AD4ED290A206820EE200A80ED09
:1075B0000E0A94ED260AD4ED290A206820EE200A4E
:1075C00080ED150A94ED270AD4ED290A206820EEF3
:1075D000200A80ED1C0A94ED270AD4ED290A2068C0
:1075E00020EE200A80ED230A606894ED280A80EDE1
:1075F000000A606894ED280A80ED040A606894ED42
:10760000280AA4F58C7480ED080A201D00F036FFCE
:10761000606890ED001A84ED541A90ED010A84ED33
:10762000550AD0ED021AC4ED561A90ED032A84EDE6
:10763000572AD0ED040AC4ED580AD0ED050AC4ED6E
:10764000590ADFED480AC4ED5A0A61EE012A21EE1B
:10765000021AB0EE008AF0EE490A40EE002A00EE6F
:10766000211A52EE880A21EE080A02F003FDDFED2E
:107670003E8A20EE280A84ED6A0A94ED540A94EDBD
:10768000571AF0EE490A60EE001A41EE011A51EE67
:10769000880AD4ED551A20EE210AD4ED561A01EECF
:1076A000810A20EE080A02F0E5FC20EE280A84EDAB
:1076B000690A94ED550AD4ED570A94ED561A20EE56
:1076C000200AD4ED540A00EEC10AF8EE000A20EEBA
:1076D000200A02F033FC20EE280A84ED680A94EDBB
:1076E0006A0AD4ED760A214970EE600A10EE900A1B
:1076F000884205DDB4F8D401401EA4F8D40109E0A5
:1077000010EE900A1A49884204D9B4F8D401401CFA
:10771000A4F8D40104F5A474DFED161AB4F98C00B2
:1077200000EE900AB8EEE01AF0EE400A41EE210AAF
:10773000C4ED190A84ED240AD4E90010491C40F173
:107740000000C4E90010BDEC048B70BDF4110024EE
:10775000D8010024A0B200089A99993ECDCC1441DA
:10776000CDCC244100000000E12E654200003443EE
:10777000000034C30000B4432DE9F84F044604F17F
:10778000780004F180010546009103F0D7FC6C34C9
:1077900084F85C00A089A08734F8120CE0876C3C68
:1077A00004F1A802284604F158019246894603F0E4
:1077B0005BFC823484F84600E08CE08520882086DB
:1077C000823C04F1B00200999346504603F04CFC11
:1077D000903484F838002088208260886082903C51
:1077E00004F1A002584604F19001154603F00CFB89
:1077F000B03420765946284603F02EFB2076E06B05
:10780000C049D0ED001AC1ED0D1A90ED010A81EDCD
:107810000E0AD0ED020AC1ED0F0A90ED031A81EDB8
:10782000101A34F8380C20810125658160EE012A98
:10783000B0EE002AE06F41EEE02A62EE822AC0ED4F
:10784000002A61EE802AE06F40EE812A22EE822A31
:1078500080ED012A61EEA11AE06FB03C40EE401AC3
:1078600040EEE01A41EE011AC0ED021A0027A64EC2
:10787000D4F82C0100EB870090ED000AB0EEC00AAE
:1078800002F0CAFA06EB870080ED610A7F1CFFB2A6
:10789000032FEDD3B4F84800A4F8C000A4F8C250F8
:1078A00004F1C00204F1B801174604F1480088460B
:1078B00003F020FCAA34A077E08A24F8020C25808B
:1078C00052463946584603F0CFFBA077E581E08A5F
:1078D00020824146384603F031FCA07751468B4A5E
:1078E000404603F0C1FBA077AA3C96ED730AB6EEC2
:1078F000001AD6ED720A20EE011AF4EEC10AF1EE7A
:1079000010FA01D286F838510020F4EEC00AF1EEE8
:1079100010FA3BDD96F83811B9B396F8391149B130
:1079200006F5A07106F5A07306C9491C42F10002D4
:1079300006C304E00022C6F84021C6F8442106F53B
:10794000A0724FF0320C00210CCABCEB020299412C
:1079500004D286F8380184F82C0039E06C4E227B82
:10796000803430884243D4E91A01F8F7CFFD14F887
:10797000740C10FB00F230884243D4E91E01F8F782
:10798000C5FD04F8545CBDE8F88FFFE79FED611A70
:1079900020EE011AF4EEC10AF1EE10FA0DDD96F8B0
:1079A000381151B170EE600A9FED5B1A20EE010AAA
:1079B00080EE801A86ED671A03E0B7EE000A86EDC6
:1079C000670A0022C6F84021C6F8442184F82C003A
:1079D0006C3434F8140CA087E08AE0875246009992
:1079E000484603F041FB84F85C006C3C04F19802CB
:1079F00059469146504603F037FB84F8C8000020F2
:107A00000DE0D4F81C11D6ED670A01EB800191ED71
:107A1000000A20EE200A81ED000A401CC0B2B4F832
:107A20009810B4F89A2051438142EADC04219FED7A
:107A30003B0A00200A1F01EB410306EB820CD4F83D
:107A40001C2103EB000A9CED611A02EB8A02C1EED5
:107A5000000A92ED001A60EE810AC2ED000A401C95
:107A6000C0B20328EBD3491CC9B20629E1D334F8CC
:107A7000980F2084658442463946484603F0F4FA5C
:107A800084F83000983C96F8380150B30420DFEDBC
:107A9000240A9FED241AD4F8BC1096ED6F0A01EB6E
:107AA000800120EE200AD1ED001AF4EEC01AF1EEAA
:107AB00010FA01DD81ED000AD4F8BC1096ED6F0AD2
:107AC00001EB800120EE010AD1ED001AF4EEC01A9C
:107AD000F1EE10FA01D281ED000A401CC0B2062876
:107AE000D9D3D4F8BC009FED100A80ED030A04F14D
:107AF0003002414604F1380003F086F984F8C800EA
:107B000041E70000D8010024F0100024B012002446
:107B1000B8010024CDCCCC3D6666663FDA0FC93F84
:107B20000AD7233C0AD723BC00000000F0B5054665
:107B30002DED028B87B06848D0E90C21806B069050
:107B4000CDE904216548F9F773FD644E86ED010A1D
:107B5000D6ED020A30EE800A86ED020A696B2846ED
:107B600088475F4C95ED000A84ED120A95ED010AF5
:107B700084ED130A95ED020A84ED140A95ED030ACB
:107B800084ED150A95ED040A84ED160A95ED050AB3
:107B900084ED170A04F1480202F10C01154601F1C7
:107BA0003000FFF735F9D4ED140A94ED120A02F013
:107BB00061FA9FED4C8A20EE080ADFED4B0A80EE59
:107BC000201A84ED101AD4ED140A94ED130A02F071
:107BD00051FA20EE080ADFED450A80EE201A84ED06
:107BE000111AD4ED142A94ED132AD4ED121A94ED3F
:107BF000171AD4ED160A94ED150A96ED013AFFF71F
:107C0000CDFB3B4890E80E00C068C4E91D23216706
:107C1000E06704F170023048A2F154011746F9F709
:107C20007AFA2D4804F128013A460C30F9F773FA34
:107C3000294804F134013A461830F9F76CFA01A9E1
:107C40003A4604A8F9F7BAFD002096ED011A01A9F9
:107C500004EB800301EB800293ED120AD2ED000ADF
:107C600030EE600A20EE012A94ED060A70EE010A59
:107C7000C2EE201A93ED002A22EE000A80EE202A9E
:107C800031EE820A83ED000A401CC0B20328DFD324
:107C900013493A4612480C31F9F73DFA154890ED70
:107CA0006A0A84ED1A0A90ED690A84ED190A90EDCA
:107CB000680A84ED180A90ED6B0A84ED1B0A0848E7
:107CC00038222946A030F8F721FC07B00448A0303C
:107CD000BDEC028BF0BD000064B20008700100240E
:107CE0001810002400003443DB0F49C0DB0F49406B
:107CF00040120024F010002470B504462DED028BD4
:107D000084B02248C463224D95F88000002838D101
:107D1000226B204690470028FAD11D48B7EE000A92
:107D2000843080ED010A80ED020A80ED030A9FEDA8
:107D3000198A80ED048A80ED058A80ED068A012685
:107D40000670002000900190029003902146684642
:107D500000F028F8B0EE482AF7EE001A9FED0E1A50
:107D6000DFED0E0AB2EE040A6846FFF731FA9FED26
:107D70000C0A85ED060A0548F9F75AFC85F880607B
:107D8000304604B0BDEC028B70BD000070010024D1
:107D90001810002400000000002474496F12833A78
:107DA00096430B3C70B506460C462DED028B8AB00F
:107DB00000200790089009903A49D1E90923C96A3F
:107DC0000691CDE9042301900290039000259FEDD8
:107DD000368A616B20468847DDED070A94ED001A6C
:107DE00070EE810ACDED070ADDED080A94ED011A67
:107DF00070EE810ACDED080ADDED090A94ED021A54
:107E000070EE810ACDED090AB0EE480AF9F7F6FBEB
:107E10006D1CEDB2642DDCD300209FED240A07AA6F
:107E200002EB8001D1ED000A80EE801A81ED001A8C
:107E3000401CC0B20328F3D307A800F0D7FF04A961
:107E400007A8F9F7A8FC01F0E7FFB0EE408A01AA05
:107E500004A907A8F9F7D5F901A800F0C7FFB6EE05
:107E6000000A28EE008AB0EE480A02F089FA86ED90
:107E7000000A002401ADB0EE480A02F081FB05EBD8
:107E80008400641CD0ED000A06EB840020EE200A7A
:107E900080ED000AE4B2022CEDD30AB0BDEC028BF7
:107EA00070BD000064B200086F12833A0000C8423F
:107EB0002DE9F04704460D4617461E46DFF8E483D9
:107EC0000420A8F800000820A8F8020025736773B2
:107ED000A6734FF0000984F810903046F8F770FA56
:107EE00060613146F8F744FBB8F800007043F8F7DA
:107EF00067FAA061B8F800107143F8F75BFBB8F8B7
:107F000000007043F8F75CFAE061B8F800107143C4
:107F1000F8F750FBB8F800006843F8F751FA206210
:107F2000B8F800106943F8F745FB3046F8F748FA0F
:107F300060623146F8F71CFBB8F800006843F8F7B8
:107F40003FFA2060B8F800106943F8F733FBB8F83F
:107F500000007043F8F734FA6060B8F8001071431D
:107F6000F8F728FBB8F800007843F8F729FAA06082
:107F7000B8F800107943F8F71DFBB8F80000684323
:107F8000F8F71EFAC4F8E800B8F800106943F8F7EB
:107F900011FB217B0122D4F8E83004F1300002F01B
:107FA00057FFB8F800006843F8F70AFAC4F8EC0085
:107FB000B8F800106943F8F7FDFA217B0122D4F8E4
:107FC000EC3004F1380002F043FF9FB1B8F8000034
:107FD0007843F8F7F5F9C4F8F000B8F800107943E1
:107FE000F8F7E8FA617B0122D4F8F03004F14000A0
:107FF00002F02EFFB8F800007043F8F7E1F9C4F87A
:10800000F400B8F800107143F8F7D4FAA17B01220C
:10801000D4F8F43004F1480002F01AFFB8F8000078
:1080200068436843F8F7CCF9C4F8F800B8F80010D2
:1080300069436943F8F7BEFA217B04F15000D4F894
:10804000F8300A4602F004FFB8F8000068436843BD
:10805000F8F7B6F9C4F8FC00B8F8001069436943B2
:10806000F8F7A8FA217B04F15800D4F8FC300A464E
:1080700002F0EEFEB8F8000068436843F8F7A0F994
:108080008834A067B8F8000068436843F8F798F9A7
:10809000E067B8F80010A06F69436943F8F78AFAFF
:1080A000B8F80010E06F69436943F8F783FA14F8F1
:1080B0007C1CA36F883C04F160000A4602F0C8FEF5
:1080C000217B04F16800D4F804310A4602F0C0FEB6
:1080D000AFB1B8F8000068437843F8F771F9C4F815
:1080E0000801B8F8001069437943F8F763FA627B36
:1080F00004F17000217BD4F8083102F0A9FEB8F831
:10810000000070436843F8F75BF99434A067B8F84F
:10811000000068437043F8F753F9E067B8F80010BF
:10812000A06F71436943F8F745FAB8F80010E06FA3
:1081300069437143F8F73EFA14F8882C14F8861C4A
:10814000A36F943C04F1780002F082FEA27B04F15C
:108150008000217BD4F8103102F07AFEB8F80000DC
:1081600068436843F8F72CF9C4F81401B8F8001014
:1081700069436943F8F71EFA217B04F18800D4F8BB
:1081800014310A4602F064FEB8F8000070437043F0
:10819000F8F716F9C4F81801B8F8001071437143E4
:1081A000F8F708FAA17B04F19000D4F818310A46D8
:1081B00002F04EFEB8F8000068437043F8F700F98B
:1081C000C4F81C01B8F8001069437143F8F7F2F9DC
:1081D000A27B04F19800217BD4F81C3102F038FE18
:1081E000207BB8F8001010FB00F04843F8F7E8F8DF
:1081F000C4F82001207BB8F8001010FB00F04843C1
:10820000F8F7DEF8C4F82401207BB8F8001010FB62
:1082100000F04843F8F7D4F8C4F82801207BB8F8F8
:1082200000104843F8F7CCF8C4F82C01207BB8F8CC
:1082300000104843F8F7C4F8C4F8300104F1A00076
:10824000217BD4F820310A4602F002FE217B04F1A2
:10825000A800D4F824310A4602F0FAFD217B04F18B
:10826000B000D4F828310A4602F0F2FD217B012249
:10827000D4F82C3104F1B80002F0EAFD217B012290
:10828000D4F8303104F1C00002F0E2FD84F8289007
:1082900084F8299084F82A9084F82B9084F82C9004
:1082A000BDE8F087B801002470B504460F4DE07BAF
:1082B000002803D02046FEF70FFD0DE0A27B2888A2
:1082C00061684243D4F8F400F8F720F9A17B2888CC
:1082D00041436068F8F76EF9627B2888A1684243E1
:1082E000D4F8F000BDE87040F8F710B9B8010024E8
:1082F0002DE9F041044694F82C00002827D174346D
:10830000A08CA086E188E186A08734F81A0CE0876B
:10831000743C04F1A80204F17801154604F19800B8
:1083200002F0A2FE84F8C80004F1B00204F1580182
:1083300016460F46284602F097FE84F8C80004F15E
:1083400050023146384602F0D5FE84F8C800BDE838
:10835000F0812DE9F041044694F8290000282CD141
:1083600004F1680104F160000D46074602F0E6FEE4
:1083700084F8C80004F1580204F15001164638464A
:1083800002F072FE84F8C800B4F85800A4F8A800FF
:10839000B4F86A00A4F8AA0004F1A8021746294616
:1083A000304602F061FE84F8C80004F188013246CC
:1083B000384602F029FD84F8C800BDE8F0812DE9B7
:1083C000F047044694F82A00002855D104F18001B2
:1083D00004F178000D46074602F0B0FE6C3484F8D4
:1083E0005C00A089A08734F8120CE0876C3C04F193
:1083F000A802384604F158011646884602F034FEB9
:10840000823484F84600E08CE08520882086823C17
:1084100004F1B00229461746304602F025FE90349A
:1084200084F838002088208260886082903C04F1C3
:10843000A002384604F19001914602F0E5FCAA340E
:10844000A0773946484602F007FDA07734F8520C71
:1084500024F8020C34F8280C208032462946404685
:1084600002F002FEA077AA3C04F198023946304699
:1084700002F0FAFD84F8C800BDE8F08770B5044644
:108480002046FFF711FFD4F8CC1009B120468847E9
:10849000204600F067F8D4F8D01009B1204688478C
:1084A0002046FFF756FFD4F8D41009B1204688477C
:1084B000207C2B4DC0B9E07BB0B1227B28884243A1
:1084C000D4E93A01F8F722F8207B10FB00F2288863
:1084D0004243D4E93E01F8F719F8D4F8E01009B1A5
:1084E00020468847002029E02046FFF768FFD4F89F
:1084F000D81009B120468847204600F06DF8D4F81E
:10850000DC1009B1204688472046FFF7F1FEE4E77A
:1085100000FB0101D4F8F82002EB8101226A02EB92
:108520008002D1ED000A92ED000AF4EEC00AF1EEED
:1085300010FA01D281ED000A401CC0B2217B8142B9
:10854000E6D8227B2888D4F8E81042432068F7F761
:10855000DDFFD4F8E41009B120468847206870BDDB
:10856000B80100242DE9F041044694F828000028C1
:108570002AD1627B04F1300104F1600004F1380576
:1085800022B3227BA4F8B8200126A4F8BA6004F133
:10859000B802174602F068FD84F8C800207BA4F8F2
:1085A000C000A4F8C26004F1C00204F14001164604
:1085B00004F1700002F058FD04F8C80F2A46314655
:1085C000384602F021FC2070BDE8F0812A4602F016
:1085D0004BFD84F8C800F7E72DE9F041044694F814
:1085E0002B00002836D1B4F87800A4F8B800012593
:1085F000A4F8BA5004F1B80204F13801164604F1A7
:1086000078000F4602F030FDAA34A07734F8620CEF
:10861000E0822583AA3C04F1C002314604F14800FF
:10862000904602F067FD983484F83000208820845A
:108630006584983C04F198003246414602F014FDEE
:1086400084F8C80004F130023146384602F0DCFB01
:1086500084F8C800BDE8F0812DE9FF413748016882
:1086600041F470010160354F743F38684FF00004E9
:10867000800311D4BFF34F8FBFF36F8F3048046076
:10868000BFF34F8FBFF36F8F386840F4003038600E
:10869000BFF34F8FBFF36F8F3868C00324D42748D0
:1086A000001F0460BFF34F8F001F0068C0F34E31FE
:1086B000234A43F6FF7C1032C0F3C90630460CEA69
:1086C000411343EA80751560401E451CF9D1491ECF
:1086D000481CF3D1BFF34F8F386840F480303860C6
:1086E000BFF34F8FBFF36F8F15484C30016841F0D7
:1086F00004010160FBF7B8F801208DF800008DF847
:1087000001004FF01051019112218DF808108DF8E1
:1087100009408DF80A4003218DF80B108DF80C40AC
:108720008DF80D008DF80E008DF80F406846FBF7B0
:1087300071F80420FBF7A8F8BDE8FF8188ED00E0A0
:1087400050EF00E008B54148016841F001010160C7
:10875000016801F001010091016841F0020101602E
:10876000006800F00200009000220B201146FBF789
:10877000BBF80B20FBF7AAF800220C201146FBF7F0
:10878000B3F80C20FBF7A2F800220D201146FBF7EE
:10879000ABF80D20FBF79AF800220E201146FBF7EC
:1087A000A3F80E20FBF792F800220F201146FBF7EA
:1087B0009BF80F20FBF78AF8002210201146FBF7E8
:1087C00093F81020FBF782F8002211201146FBF7E6
:1087D0008BF81120FBF77AF800222F201146FBF7C7
:1087E00083F82F20FBF772F8002238201146FBF7A0
:1087F0007BF83820FBF76AF8002239201146FBF796
:1088000073F83920FBF762F800223A201146FBF793
:108810006BF83A20FBF75AF800223B201146FBF791
:1088200063F83B20FBF752F800223C201146FBF78F
:108830005BF83C20FBF74AF8002244201146FBF786
:1088400053F8BDE808404420FBF740B8D84402582C
:1088500010B518481649016000218160C16001749B
:108860004174817410244461082282611F23C36112
:108870000262012242628262C262026341638263D7
:10888000C16320230364042242648164C2640365DB
:1088900042658165C165046641668266FAF74EFBF2
:1088A000002803D0BDE81040F8F7FDBF10BD000060
:1088B00000A00040B802002410B519481749016013
:1088C00000218160C160017441748174102343618F
:1088D000082282611F24C461026201224262826214
:1088E000C26202634FF4A062426302228263C163E8
:1088F00020220264042242648164C26401654265EC
:108900008165C165036641668266FAF717FB002838
:1089100003D0BDE81040F8F7C6BF10BD00A400406A
:10892000580300242DE9F04387B0142102A8F7F77B
:1089300041FE3748016841F080010160016801F0A3
:1089400080010191016841F001010160016801F0BD
:1089500001010191016841F004010160016801F029
:1089600004010191016841F010010160016801F00A
:1089700010010191016841F002010160016801F0FC
:1089800002010191016841F008010160006800F0F6
:10899000080001901F4F012210213846FAF7C1FD4F
:1089A000DFF87480012210214046FAF7BAFDDFF8A3
:1089B0006C90012204214846FAF7B3FD0125029587
:1089C00002200390002404940594069502A93846D9
:1089D000FAF7A6FC1026029603950494059402A9C2
:1089E0003846FAF79DFC029603950494059402A973
:1089F0004046FAF795FC04200290039504940594F0
:108A000002A94846FAF78CFC07B0BDE8F0830000E5
:108A1000E04402580000025800080258000C0258B6
:108A200010B513481149016012494160002181606D
:108A30000122C260016141618161C1610162FAF795
:108A4000DBFD08B1F8F72FFF09480021FAF77CFD9C
:108A500008B1F8F728FF06480021FAF7A2FD002820
:108A600003D0BDE81040F8F71EBF10BD005800400D
:108A7000F8030024DB3FB00010B51548134901602E
:108A80004FF480014160002181600722C2600161D2
:108A900041614FF080628261D200C2610162416235
:108AA0008162C162520042638163C16301644164B7
:108AB0008164C164016541658165FCF71FFE002882
:108AC00003D0BDE81040F8F7EEBE10BD0030014005
:108AD0004C04002410B50B4809490160EF214160A6
:108AE0000021816040F2E732C26001618161FDF7DF
:108AF000A8F9002803D0BDE81040F8F7D4BE10BD97
:108B000000200040C405002410B518481649016033
:108B10004FF46121416000218160C16001610C223C
:108B200042618161C161016241628162FDF760FD64
:108B300008B1F8F7B8FE0D480021FDF733FB08B186
:108B4000F8F7B1FE09480021FDF706FB08B1F8F778
:108B5000AAFE0648FDF7DFFA002803D0BDE8104062
:108B6000F8F7A1BE10BD0000004C00401006002424
:108B700010B51848164901604FF461214160002189
:108B80008160C16001610C2242618161C161016249
:108B900041628162FDF72CFD08B1F8F784FE0D48B3
:108BA0000021FDF7FFFA08B1F8F77DFE0948002122
:108BB000FDF7D2FA08B1F8F776FE0648FDF7ABFAF2
:108BC000002803D0BDE81040F8F76DBE10BD0000CE
:108BD00000500040A406002410B518481649016052
:108BE0004FF4E131416000218160C16001610C22DC
:108BF00042618161C161016241628162FDF7F8FCFD
:108C000008B1F8F750FE0D480021FDF7CBFA08B186
:108C1000F8F749FE09480021FDF79EFA08B1F8F778
:108C200042FE0648FDF777FA002803D0BDE8104061
:108C3000F8F739BE10BD0000007800403807002466
:108C400010B5194817490160184941604FF4805127
:108C500081600021C1604FF4806202610C22426198
:108C60008161C161016241628162FDF7C1FC08B1AD
:108C7000F8F719FE0C480021FDF794FA08B1F8F74F
:108C800012FE09480021FDF767FA08B1F8F70BFE5C
:108C90000548FDF740FA002803D0BDE81040F8F77A
:108CA00002BE10BD00100140CC070024A0860100C8
:108CB00010B51748154901601649416000218160CF
:108CC000C16001610C2242618161C1610162416246
:108CD0008162FDF78DFC08B1F8F7E5FD0C48002135
:108CE000FDF760FA08B1F8F7DEFD09480021FDF74D
:108CF00033FA08B1F8F7D7FD0548FDF70CFA00285C
:108D000003D0BDE81040F8F7CEBD10BD00440040D0
:108D10006008002420A1070010B51848164901601A
:108D20004FF4E131416000218160C16001610C229A
:108D300042618161C161016241628162FDF758FC5B
:108D400008B1F8F7B0FD0D480021FDF72BFA08B186
:108D5000F8F7A9FD09480021FDF7FEF908B1F8F779
:108D6000A2FD0648FDF7D7F9002803D0BDE8104062
:108D7000F8F799BD10BD000000480040F408002439
:108D800010B51848164901604FF4E13141600021E7
:108D90008160C16001610C2242618161C161016237
:108DA00041628162FDF724FC08B1F8F77CFD0D48B3
:108DB0000021FDF7F7F908B1F8F775FD0948002122
:108DC000FDF7CAF908B1F8F76EFD0648FDF7A3F9FB
:108DD000002803D0BDE81040F8F765BD10BD0000C5
:108DE0000014014088090024FEE7FEE700B590ED7D
:108DF000000AD0ED010A20EE000A00EEA00AD0ED34
:108E0000020A00EEA00A00F00DFAD0ED000A80EE92
:108E1000801A80ED001AD0ED010A80EE801A80EDF4
:108E2000011AD0ED020A80EE801A80ED021A00BD10
:108E3000704700002DE9F047044688460027DFF818
:108E40002091D9F80000032131EA000013D0454DEC
:108E5000286820F080602860FAF770FB06462868D2
:108E600010F0006F0ED0FAF769FB801B022805D9BD
:108E70000320BDE8F0870120BDE8F087286810F0E6
:108E8000006FF0D1D9F80000216820F47C3040EA6E
:108E90000130C9F80000A0884FF47E42A168401E4E
:108EA000491EC0F3080002EA41210843A189D2010A
:108EB000491E02EA01410843217C491E120202EACE
:108EC000016108432849086028480168626921F067
:108ED000C001114301600168A26921F02001114322
:108EE0000160016821F01001016021490A68E3690D
:108EF0006FF3CF0242EAC3020A60016841F0100139
:108F00000160B8F1000F12D0B8F1010F14D0016860
:108F100041F400110160286840F080602860FAF791
:108F20000DFB0446286810F0006F0AD015E00168B8
:108F300041F400210160EEE7016841F48011016015
:108F4000E9E7FAF7FBFA001B022802D90320BDE883
:108F5000F087286810F0006FF3D03846BDE8F0873E
:108F60002844025800440258384402582C440258FD
:108F70003C4402582DE9F047044688460027DFF8B4
:108F80002091D9F80000032131EA000013D0454DAB
:108F9000286820F080502860FAF7D0FA0646286842
:108FA00010F0005F0ED0FAF7C9FA801B022805D92D
:108FB0000320BDE8F0870120BDE8F087286810F0A5
:108FC000005FF0D1D9F80000218820F07C7040EAE1
:108FD0000150C9F80000A0884FF47E42A168401EED
:108FE000491EC0F3080002EA41210843A189D201C9
:108FF000491E02EA01410843217C491E120202EA8D
:10900000016108432849086028480168626921F421
:109010004061114301600168A26921F400711143AC
:109020000160016821F48071016021490A68E369E7
:109030006FF3CF0242EAC3020A60016841F4807113
:109040000160B8F1000F12D0B8F1010F14D001681F
:1090500041F080710160286840F080502860FAF784
:109060006DFA0446286810F0005F0AD015E0016828
:1090700041F480010160EEE7016841F40001016004
:10908000E9E7FAF75BFA001B022802D90320BDE8E2
:10909000F087286810F0005FF3D03846BDE8F0870D
:1090A0002844025800440258404402582C440258B4
:1090B000444402580148FCF7FDB900004C04002468
:1090C00002685169936943F00803936102689369E8
:1090D00043F0100393610268136823F001031360E7
:1090E0000268136923F06F0323F44073136102686D
:1090F000936823F44043936090F88120042A0DD0B4
:1091000011F0200F0AD0D0F8842042F08002C0F87D
:1091100084200268936943F02003936190F88120D2
:10912000032A0DD011F0400F0AD0D0F8842042F06D
:109130000402C0F884200268936943F040039361FD
:1091400011F4007F0AD0D0F8842042F00102C0F868
:1091500084200268936943F40073936111F4807F63
:109160000AD0D0F8841041F00801C0F884100168DA
:109170008A6942F480728A610021A0F86210A0F826
:109180006A10704710B5806B0021A0F86A10A0F833
:109190006210012180F88110FCF78AF910BDC16BC3
:1091A000012202EB5111C0680830C00800FB01F039
:1091B000704710B5031D01F120021C686260146045
:1091C00053601A600068886210BD2DE9F0410746BF
:1091D000884615461C46069E3868406938EA0000F5
:1091E0000BD00020A84213D1FAF7A8F9801BA042A7
:1091F00005D3B4F1FF3F0ED101E00120F2E754B1F5
:109200003868406938EA000008D00020A842EBD056
:109210000020BDE8F0810320BDE8F0810120F5E7E2
:1092200070470000B0EE401AB5EEC01AF1EE10FA29
:1092300002D89FED120A7047B6EE000A21EE000A2E
:10924000DFED0F0A61EE201AF0EE002AB1EE612A7E
:10925000F0EE410A50EE000A60EE223A80EEA33AA8
:1092600030EE430AF4EEE10AF1EE10FAF0DCF4EE2F
:10927000C20AF1EE10FAEBD37047000000000000C4
:109280006F12833AFAF76ABA10B59CB04C2109A85C
:10929000F7F790F9202101A8F7F78CF90220FAF7E7
:1092A0006BFB00242C4A106820F00100106010684D
:1092B0002A48016841F440410160016801F44041DD
:1092C000009101688904FCD525490B6843F002032D
:1092D0000B60096801F002010091016841F440410E
:1092E00001600168116841F001011160116801F02D
:1092F0000101009101688904FCD50121099108044C
:109300000A900220129013901491782115911690D2
:109310001821179118900C2019901A941B9409A8E1
:10932000FBF728FD08B1F8F7BEFA3F2001900320B3
:1093300002900394082004904020059006900101BB
:1093400007910890042101A8FBF77CFA002801D0BE
:10935000F8F7A9FA1CB010BD2C04005818480258A0
:10936000F444025810B52C48016841F470010160C2
:109370002A4A106800F00F00072804D2106820F075
:109380000F00C01D10602649086840F00100086009
:10939000234B0020103318600B68224C23400B60D5
:1093A000136803F00F03072B04D9136823F00F038E
:1093B000DB1D13601A4A18321060121D1060121D56
:1093C0001060174B184A28331A601B1D174A1A6081
:1093D0001B1D174A1A601B1D18601B1D1A601B1DE0
:1093E00018601B1D1A601A1D10600A6822F4802282
:1093F0000A600B49603108600E4800686FF30F0087
:10940000B0F1005F02D20C490120086043F2D200A3
:109410000A49086010BD000088ED00E000200052FD
:10942000004402587FEDF6EA000202020000FF014C
:10943000800201010010005C0881005100400052D0
:1094400010B505484168491C416004480068FEF7B2
:109450006DFB0349086010BDBC0F0024AC01002463
:10946000B00100240148FCF788BD0000C4050024B9
:109470002DE9F00302682C4BDFF8B0C02C4D984268
:109480002C4E2D4C0AD0B0F1804F07D0604505D04E
:10949000A84203D0B04201D0A04203D122F0700212
:1094A0004F683A43254FDFF898809842DFF8949050
:1094B00010D0B0F1804F0DD060450BD0A84209D03C
:1094C000B04207D0A04205D0B84203D0404501D0F9
:1094D000484505D122F44072D1F80CC04CEA020292
:1094E000D1F814C022F0800242EA0C0202608A68BD
:1094F000C2620A688262984207D0A04205D0B84290
:1095000003D0404501D0484501D1096901630121DB
:109510004161016911F0010F03D0016921F00101DE
:109520000161BDE8F0037047000001400004004005
:1095300000080040000C00400004014000400140D1
:1095400000440140004801400068FCF7CBBC00002B
:10955000074B02689A4203D1064A10609161704736
:10956000054B9A42FBD1034A283210609161704743
:1095700000200040BC0F0024004001400148FCF7DF
:109580003BBE0000100600240148FCF735BE000079
:10959000A40600240148FCF72FBE00003807002471
:1095A0004DF8044D416E00291DD002689168C1F349
:1095B00042619268520F104B13F802C04FEA0C142C
:1095C00003F1080C1CF80220B4FBF2F2A0F86A20A8
:1095D0005A5C1CF801101201B2FBF1F1A0F86810FE
:1095E0005DF8044B70470121A0F86A10A0F86810DC
:1095F0005DF8044B70470000ACB3000890F82810E9
:1096000011F0080F06D001684A68836B22F400420B
:109610001A434A6090F8281011F0010F06D0016833
:109620004A68C36A22F400321A434A6090F828104C
:1096300011F0020F06D001684A68036B22F48032F1
:109640001A434A6090F8281011F0040F06D0016800
:109650004A68436B22F480221A434A6090F828102B
:1096600011F0100F06D001688A68C36B22F4805293
:109670001A438A6090F8281011F0200F06D0016874
:109680008A68036C22F400521A438A6090F828100A
:1096900011F0400F11D001684A68436C22F4801227
:1096A0001A434A60416CB1F5801F06D101684A68CF
:1096B000836C22F4C0021A434A6090F8281011F01B
:1096C000800F06D001684A68C06C22F40022104363
:1096D000486070472DE9F84304460025C4F89050CF
:1096E000F9F72CFF8046206800686FF07E474FF046
:1096F000200610F0080F17D0002243463104204600
:10970000009700F0EAFA78B1206850E8001F21F0D5
:10971000800140E80012002AF6D1C4F8886084F87D
:1097200084500320BDE8F8832068006810F0040F1F
:1097300022D0002243464FF480012046009700F0DB
:10974000CCFAC8B1206850E8001F21F4907140E8BD
:109750000012002AF6D12068083050E8001F21F0DE
:10976000010140E80012002AF5D1C4F88C6084F8A9
:1097700084500320BDE8F883C4F88860C4F88C6086
:10978000E566256784F884500020BDE8F88310B5AD
:10979000806B0021A0F85E10A0F85610FCF72AFD9F
:1097A00010BD016851E8002F22F4907241E80023B7
:1097B000002BF6D10168083151E8002F22F0010298
:1097C00022F0805241E80023002BF3D1C16E012921
:1097D00008D1016851E8002F22F0100241E800236F
:1097E000002BF6D12021C0F88C100021C166416702
:1097F000704710B5016851E8002F22F0400241E89F
:109800000023002BF6D12021C0F8881000218167A9
:10981000FDF760FA10BD00002DE9F04387B0044663
:109820000025F64B20682269A168D4F81CC01143BA
:10983000626942EA0C0211430268DFF8C4C302EA1B
:109840000C021143016020684168E26821F4405134
:1098500011434160A0692168994201D0226A1043F6
:109860008A6822F4306222F06E42104388602068D9
:10987000C16A626A21F00F011143C1622268E148A6
:10988000A2F18041B1F588312FD0A2F18041B1F52C
:10989000884148D0A2F18041B1F590415BD0A2F15E
:1098A0008041B1F5984170D0A2F18041B1F5A0415D
:1098B0006AD0A2F18041B1F58A3172D0A2F1804123
:1098C000B1F5F0416ED0A2F18041B1F5F8416AD016
:1098D0009A4269D1001D006800F0070006286ED288
:1098E000DFE800F0D6D8DADCDEE0006800F038000F
:1098F000182812D005DC50B108280AD0102804D14D
:1099000009E020280BD028280BD08021CFE00121AE
:10991000CDE00421CBE00821C9E01021C7E02021DF
:10992000C5E04021C3E0006800F00700062810D21F
:10993000DFE800F0030507090B0D0021B7E0042163
:10994000B5E00821B3E01021B1E02021AFE04021D3
:10995000ADE08021ABE0006800F00700062810D2DF
:10996000DFE800F0030507090B0D00219FE004214B
:109970009DE008219BE0102199E0202197E0402103
:1099800095E0802193E000E01CE0006800F0070013
:10999000062815D2DFE800F003090B0D0F11002196
:1099A00085E027E044E05BE080E004217FE00821DF
:1099B0007DE010217BE0202179E0402177E073E019
:1099C000802174E0006800F00700062810D2DFE86C
:1099D00000F0030507090B0D002168E0042166E093
:1099E000082164E0102162E0202160E040215EE077
:1099F00080215CE0006800F03800182812D005DCF7
:109A000050B108280AD0102804D109E020280BD032
:109A100028280BD080214AE0012148E0042146E0BB
:109A2000082144E0102142E0202140E040213EE0B6
:109A3000006800F00700062810D2DFE800F00305F8
:109A400007090B0D002132E0042130E008212EE04F
:109A500010212CE020212AE0402128E0802126E06E
:109A6000006800F00700062810D2DFE800F00305C8
:109A700007090B0D00211AE0042118E0082116E067
:109A8000102114E0202112E0402110E080210EE09E
:109A900002210CE004210AE0082108E0102106E080
:109AA000202104E0402102E0802100E0802156488E
:109AB000564E0027DFF858919A424FEA201C57D1A2
:109AC00010292AD006DC02291AD004291BD0082923
:109AD00004D11DE020292BD040292BD000200125C6
:109AE000F0B3616A36F81120B0FBF2F1666806EB5C
:109AF00046038B4202D8B1EB063F1ED90125E1E0B7
:109B0000F9F76AFFECE704A8F9F778FF0598E7E7AB
:109B100001A8FAF75BF80298E2E7D9F8001011F013
:109B2000200FDDD0D9F80010C1F3C101C840D7E73C
:109B30006046D5E74FF40040D2E700231946F6F718
:109B40006EFC0902020241EA1061700810183246E8
:109B500079410023F6F763FC2E4AA0F5407100E03E
:109B60004BE0914202D82168C860ABE00125A9E032
:109B7000E2694FF6EF78B2F5004F08D008297DD0A2
:109B800061DC71B301297ED0042962D17EE008290D
:109B900042D005DC31B3012927D0042906D127E0C2
:109BA00010293ED0202947D0402947D00020012548
:109BB00018B3616A36F81110B0FBF1F0410060682B
:109BC00001EB5001B1FBF0F0A0F11001414538D894
:109BD0004FF6F0710140C0F3420008432168C860AD
:109BE00070E04DE0FAF7B0FFE2E7FAF7C1FFDFE718
:109BF00004A8F9F703FF0598DAE75CE0000C0058C9
:109C0000F369FFCF544402580090D00394B3000886
:109C100000440258FFFC0F0001A8F9F7D7FF029893
:109C2000C6E7D9F8001011F0200FC1D0D9F8001004
:109C3000C1F3C101C840BBE76046B9E74FF400403B
:109C4000B6E701253EE010292AD0202934D040294A
:109C500034D00020012570B3616A36F81110B0FBD2
:109C6000F1F1606801EB5001B1FBF0F0A0F11001DF
:109C7000414526D8216880B2C86023E00BE002E0AD
:109C8000FAF762FFE7E7FAF773FFE4E704A8F9F7EA
:109C9000B5FE0598DFE701A8F9F798FF0298DAE723
:109CA000D9F8001011F0200FD5D0D9F80010C1F369
:109CB000C101C840CFE705E06046CCE74FF4004063
:109CC000C9E701250120A4F86A00A4F868006767C5
:109CD000A76707B02846BDE8F0832DE9F0470446A2
:109CE0000D4617469846089E2068C06935EA000070
:109CF00028D00020B84245D14FF00009B6F1FF3F0F
:109D000038D0F9F71BFCA0EB0800B0421CD8DEB13C
:109D10002068016811F0040F2CD0802D2AD0402D2E
:109D200028D0C16911F0080F11D0206808250562FC
:109D30002046FFF736FDC4F8905084F88490012047
:109D4000BDE8F0870120D5E70320BDE8F087C069B2
:109D500010F4006F0ED021684FF4006008622046B6
:109D6000FFF71FFD2020C4F8900084F884900320A2
:109D7000BDE8F0872068C06935EA000005D0002002
:109D8000B842BBD00020BDE8F0870120F8E7000012
:109D90000148FCF731BA0000CC0700240148FCF769
:109DA0002BBA0000600800240148FCF725BA000027
:109DB000F40800240148FCF71FBA000088090024B9
:109DC000FEE703B401984100009850EAC12018BF93
:109DD00004204A0D18BF40F0010040F2FF72B2EBC0
:109DE000515F08BF40F00200012808BF052002B003
:109DF00070474100080218BF04200A0E18BF40F047
:109E000001004FF07F4232EA010108BF40F002003A
:109E1000012808BF0520704710B510EE104A4FF01A
:109E20001A402DED028B00EB4400B0F1C85F4AD818
:109E30004FF0FC40B0EB440F22D2B0EEC00ADFED91
:109E4000310A30EEC00ADFED300A20EE208A18EE2B
:109E5000100A01F0DAF900EE100A14F0004F1DBFED
:109E60009FED2A1ADFED2A0AB1EE400A9FED291A6A
:109E700008BFF0EE410ADFED281A20EE210A05E0C6
:109E800020EE008A9FED251ADFED250ADFED251A69
:109E90009FED252A70EEC00A20EE080A08EE212A5E
:109EA000DFED221A48EE021A9FED212A08EE212A40
:109EB000DFED201A48EE021ABDEC028B40EE610A7B
:109EC00030EE810A10BD4FF0CC40B0EB440F82BFA2
:109ED0009FED190ABDEC028B10BD4FF07F40B0EB37
:109EE000440F05D2BDEC028BBDE8104000F0CCBEA3
:109EF0000120F6F707FCBDEC028BBDE8104000F036
:109F0000C9BE00000000803F0000003F0000494043
:109F100022AA7D3A00000000000000C00000C93FF6
:109F200022AAFD3924FE1C3DC78AD83C1E67383D55
:109F30001B93993DAFAA2A3EDB0FC93F10B54FF0E6
:109F40000E402DED028BB0EE408A18EE104A00EB69
:109F50004400B0F1506F4AD84FF0FC40B0EB440FD2
:109F600022D2B0EEC80ADFED360A30EEC00ADFEDCD
:109F7000350A60EE208A18EE900A01F046F901EEEB
:109F8000100A14F0004F1DBFDFED2F0A9FED2F0ABE
:109F9000B1EE411ADFED2E0A08BF9FED2E0ADFED6C
:109FA0002E1A21EE218A05E0DFED2C0A68EE088AE0
:109FB000B0EE600A9FED2A1ADFED2A1A30EE080A89
:109FC00048EE811A9FED281A08EEA11ADFED271A34
:109FD00048EE811A9FED261A08EEA11A68EE281A9B
:109FE000BDEC028B01EE810A30EE200A10BD4FF06D
:109FF000E440B0EB440F0CD918EE100AFFF7F9FE5D
:10A00000042808BF00F04EFEB0EE480ABDEC028BFB
:10A0100010BD4FF07F40B0EB440F07D2B0EE480ABE
:10A02000BDEC028BBDE8104000F02EBE0120F6F71B
:10A0300069FBBDEC028BBDE8104000F02BBE0000B8
:10A040000000803F0000003F0000C9BF22AAFDB908
:10A050000000C93F22AAFD39000000C00000000036
:10A0600024FE1C3DC78AD83C1E67383D1B93993D92
:10A07000AFAA2A3E10EE100A10B510EE901A4FF05B
:10A08000684202EB40032DED028BB3F1654F3CBFFC
:10A0900002EB4102B2F1654F7CD200BFC0F3C7535F
:10A0A000C1F3C7529A1A1B2A09DD10F0004F14BFE2
:10A0B0009FED6E0A9FED6E0ABDEC028B10BD12F192
:10A0C0001A0F1BDA11F0004F09D010F0004F0CBF2F
:10A0D0009FED680A9FED680ABDEC028B10BD80EE13
:10A0E000208A18EE100AFFF784FE042808BF00F04B
:10A0F000D9FDB0EE480ABDEC028B10BD4200B2EBB8
:10A10000410F37D910F0004F19BFDFED5C1A9FEDFA
:10A110005C1ADFED5C1A9FED5C1AB0EE602A0A460D
:10A12000F1EE400A80F00041B0EE420A10460A1AF1
:10A130005200B2F1807F34D2484010F0004FDFED82
:10A14000532A9FED533A1DBF9FED522A71EEE21A3A
:10A1500031EE431A9FED502A04BF71EEA21A31EE80
:10A16000031AF0EE402A42EE602A40EE020A82EE26
:10A17000A02A18E011F0004F04BF9FED481AF0EE3E
:10A18000411AD4D010F0004F1CBFDFED451A9FEDEF
:10A19000451A00E026E004BFDFED431A9FED431AA5
:10A1A000C5E780EE202A22EE020ADFED410ADFED4C
:10A1B000412ABDEC028B40EE202ADFED3F0A40EE43
:10A1C000220ADFED3E2A40EE202ADFED3D0A40EE76
:10A1D000220A22EE000A00EE201A31EE020A30EEC8
:10A1E000210A10BD4FF07F42B2EB400F28BFB2EB07
:10A1F000410F05D2BDEC028BBDE8104000F047BD19
:10A2000040EA01035B0008BF41F0FF410BD0B2EB15
:10A21000400F08BFB2EB410F08D120F0804000EEA4
:10A22000100A21F0804100EE901A37E7B2EB400FA0
:10A2300012BF5FEA410240F0FF4001F000413FF4ED
:10A240002DAF4A0092EA40033FF528AF002AACBF89
:10A250009FED1C1A9FED1C1A20EE010A60EE810A88
:10A2600010EE100A10EE901A18E70000DB0FC9BFBD
:10A27000DB0FC93FDB0F4940DB0F49C00000C9BFFE
:10A2800022AAFDB90000C93F22AAFD390060ED3EB7
:10A29000C30ACE37000000BF0000003F00000000EE
:10A2A000000049C022AA7DBA0000494022AA7D3A96
:10A2B0002DAD65BD8FB8D53D0FB511BE61C84C3E03
:10A2C000A8AAAABE0000804F0000802F0000000056
:10A2D00010B529499FED261B2DED020B84B0059882
:10A2E00020F000408842D8BF9DED040B2DDD2349AE
:10A2F000884209D1049840B94FF00100F6F702FAFC
:10A3000000F0AAFC06B010BD05DB9DED040B30EE9D
:10A31000000B06B010BD68469DED040B00F018FA66
:10A3200010F0030004BF9DED021B9DED000B0CD04F
:10A3300001280ED09DED021B9DED000B022810D0D0
:10A34000012000F035FC06B010BD00F089FB06B01E
:10A3500010BD9DED021B9DED000B012000F028FCBF
:10A3600001E000F07DFB06B0B1EE400B10BD000037
:10A370000000000000000000FB21E93F0000F07F2A
:10A3800010EE101A08B5434A6846B2EB410F26D9C1
:10A390004FF0E640B0EB410F94BF00204FF0FF308C
:10A3A00000900098DFED3C0A002860DB10F0010F00
:10A3B00046D060EE000ADFED391A9FED391A10F031
:10A3C000020F00EEE11ADFED371A40EE811A21EE9E
:10A3D000A01AF0EE400A40EE010A2ED041E0324BC6
:10A3E00021F0004293423FD911F0004FDFED2F0AD8
:10A3F00020EE201ADFED2E0A19BF31EE601A71EE41
:10A40000200A31EE201A71EE600ABDEEE01A11EE5C
:10A41000100A9FED281A00F0030000EEC10A9FED1C
:10A42000261A009000EEC10A9FED241A00EEC10A20
:10A430009FED231A00EEC10AB3E7F1EE600A10E0C7
:10A4400020EE000A9FED1F1ADFED1F1A10F0020F19
:10A4500040EE011A9FED1D1A00EE211A40EE010A8E
:10A46000EBD1B0EE600A08BD00F024FC99E710EED5
:10A47000100A4000B0F17F4FF3D307D14FF0010035
:10A48000F6F740F9BDE8084000F004BCBDE808401C
:10A4900000F0FABBB61F927E0000803F336D4C394E
:10A4A000DA82083CA0AA2ABE490E494683F9223F17
:10A4B0000000004B0000C93F00A0FD390020A2337E
:10A4C0001A61342CB93AB2BACA9F2A3DDDFFFFBEE9
:10A4D00010B529499FED261B2DED020B84B0059880
:10A4E00020F000408842DCBF00209DED040B2EDDF3
:10A4F0002249884209D1049840B94FF00100F6F78B
:10A5000001F900F0A9FB06B010BD05DB9DED040BC1
:10A5100030EE000B06B010BD68469DED040B00F058
:10A5200017F910F003000DD0012814D09DED021B87
:10A530009DED000B022816D000F092FA06B0B1EEA5
:10A54000400B10BD9DED021B9DED000B012000F0A6
:10A550002FFB06B010BD9DED021B9DED000B00F022
:10A560007FFA06B010BD012000F022FBE6E70000F4
:10A570000000000000000000FB21E93F0000F07F28
:10A5800000B510EE101A2DED028B81B0524A6846CC
:10A59000B2EB410F2ED94FF0E640B0EB410F94BF24
:10A5A00000204FF0FF3000900098B0EE408A002865
:10A5B0006ADB10F0010F4BD068EE080A9FED471AD6
:10A5C0009FED470A00EE810A9FED461A00EE801AC1
:10A5D0009FED450A10F0020F00EE810A02BF01B0A4
:10A5E000BDEC028B00BD00BF01B0B1EE400ABDEC76
:10A5F000028B00BD3D4B21F00042934241D911F046
:10A60000004FDFED3B0A20EE201ADFED3A0A19BFBA
:10A6100031EE601A71EE200A31EE201A71EE600AF6
:10A62000BDEEE01A11EE100A9FED331A00F00300A0
:10A6300000EEC10A9FED311A009000EEC10A9FEDB5
:10A64000301A00EEC10A9FED2F1A00EEC10AABE7E7
:10A6500028EE080A9FED2C1ADFED2C0A10F0020FED
:10A6600040EE410A9FED2A1A00EE201A61EE000A20
:10A67000B0EE480A08EE200AB6D101B0BDEC028B5C
:10A6800000BD00F017FB8FE718EE100A4000B0F194
:10A690007F4F0DD218EE100AFFF7ABFB042808BF5E
:10A6A00000F000FBB0EE480A01B0BDEC028B00BD2B
:10A6B00009D10120F6F726F801B0BDEC028B5DF858
:10A6C00004EB00F0E7BA01B0B0EE480ABDEC028B33
:10A6D0005DF804EB00F0D8BAB61F927EB93AB2BA70
:10A6E000CA9F2A3DDDFFFFBE0000803F490E49465C
:10A6F00083F9223F0000004B0000C93F00A0FD3954
:10A700000020A2331A61342C336D4C39DA82083CB4
:10A71000A0AA2ABE10B52DED028BB1EEC08A18EEAC
:10A72000100A20F00040C0F1FF40C00F0AD010EE28
:10A73000100A20F00040C0F1FF40C00F04BF01200C
:10A74000F5F7E0FFB0EE480ABDEC028B10BD00004B
:10A750002DE9F14F04462DED020B2DED048B94B045
:10A760009FED9D0B80ED020B199E9D4826F0004544
:10A7700085420ADC9DED180B002084ED000B14B01F
:10A78000BDEC048B03B0BDE8F08F96489FED969B1F
:10A790009FED978BA84225DD97489FED991B9FED74
:10A7A0009A2B9DED180B002E0DDD30EE490B8542E6
:10A7B00012BF30EE480B30EE410B30EE420B84ED11
:10A7C000000B0120DBE730EE090B854212BF30EEB3
:10A7D000080B30EE010B30EE020B84ED000B4FF056
:10A7E000FF30CCE78A48A84253DB9DED180B51ECB3
:10A7F000100B00F0C5FC41EC100BB0EE401B9FEDC0
:10A80000862B9FED870B290DDFF81CC201EE020B92
:10A810000120FDEEC00B10EE903A00EE903AB8EE3B
:10A82000E02BB0EE410B02EE490B22EE081BFC447C
:10A83000032830EE411B84ED001B1DD011EE902A41
:10A8400000EB4015113DC2F30A528A1A954213DA01
:10A850000CEB0012B0EE403B92ED000B401C20EEE2
:10A86000021B33EE410B33EE403B33EE411B92EDC6
:10A87000023B12EE031BDBE7002EA8BF1846BFF613
:10A880007EAF94ED000B5842B1EE400B84ED000B0F
:10A8900075E7C6F3130040F4801EC6F30A50A0F219
:10A8A000F530471100F01F05C5F12000DDF860B05C
:10A8B000139000200890099005200DF1080C5B49C9
:10A8C000002D07EB0002794408BF51F8221009D08F
:10A8D00051F8223001EB8201AB404A68139922FA09
:10A8E00001F11943A1FB0E26A1FB0B131A449A4256
:10A8F00034BF0123002303EB06080CEB8003D3E9EC
:10A9000001A60E448E4234BF0121002192448A44A4
:10A9100011B1924502D903E0924501D2012100E034
:10A920000021C3E901A641444CF82010011EA0F10A
:10A930000100C4DC04989DED050A00F10050810F70
:10A9400004989FED3B4B800001EE100ADDED060AF6
:10A950009DED072AB8EEC13BB8EE401BB8EE600B88
:10A96000B8EE422B002021EE041B9FED334B20EE6E
:10A97000040B9FED334B22EE042B30EE024B34EEF2
:10A98000014B34EE034B8DED004B00909DED004BE1
:10A99000199834EE433B10F0004F33EE411B31EE7B
:10A9A000400B32EE401B9DED000B9FED272B20EE60
:10A9B000020B9FED272B01EE020B9DED001B9FED7F
:10A9C000262B01EE020B1CBF4942B1EE400B84ED79
:10A9D000000B0846D3E60000000000000000000065
:10A9E000FB21E93F7CD9024000004054FB21F93FA4
:10A9F0003163621A61B4D03DFB21F93F00000000D1
:10AA00000000601A61B4D03D7370032E8A19A33B15
:10AA1000FB2139410000000083C8C96D305FE43F6D
:10AA2000000000000000E03FBE0B0000560B0000DD
:10AA3000000000000000103E000000000000103C7C
:10AA4000000000000000103A3326A611460B113C0E
:10AA5000182D4454FB21F93D00000054FB21F93D21
:10AA600010B52DED040B2DED068B82B0B0EE41AB91
:10AA700009989FED299B20F00044B4F1795F0FDA2B
:10AA80009DED080BBDEEC00B10EE100A002801BFB3
:10AA9000B0EE490B02B0BDEC068B04B008BF10BD90
:10AAA0009DED080B1E48062120EE008BB0EE480BF2
:10AAB000784400F045F820EE080B9DED081B1C487B
:10AAC000844228EE000B01EE4A0B9FED171B28EE87
:10AAD000011BBCBF31EE400B39EE400B16DB1548B5
:10AAE000A042BCBF9FED142B8DED002B06DBA4F51F
:10AAF00000100190002000909DED002B31EE421BD4
:10AB000039EE422B31EE400B32EE400B02B0BDEC81
:10AB1000068B04B010BD0000000000000000F03FF4
:10AB20000C09000000000000000000000000E03FF1
:10AB30003333D33F0000E93F000000000000D23F64
:10AB4000491E00EBC102B0EE401B92ED000B31F04C
:10AB500006020DD0491E00EBC102B0EE403B92ED63
:10AB6000002B31F00602B0EE420B03EE010BF1D1E7
:10AB7000022914D004290AD0062918BF704790ED85
:10AB80000A2B00EE012B90ED080B02EE010B90ED6D
:10AB9000062B00EE012B90ED040B02EE010B90ED65
:10ABA000022B00EE012B90ED000B02EE010B704723
:10ABB00031B504462DED040B2DED068BB0EE419B17
:10ABC00007989DED060B20F00040B0F1795F0DDA9B
:10ABD00051EC100BFFF7F5F8042808BF00F048F817
:10ABE0009DED060BBDEC068B05B030BD20EE008B55
:10ABF0001348052128EE00ABB0EE480B7844FFF770
:10AC00009FFF9FED111B8CB19FED112B29EE022BA5
:10AC10000AEE402B9DED060B18EE029B0AEE419BBF
:10AC200030EE490BBDEC068B05B030BD08EE001BC5
:10AC30009DED060B0AEE010BBDEC068B05B030BD99
:10AC4000D808000000000000495555555555C5BFAE
:10AC5000000000000000E03F9FED031B81EE010BB0
:10AC6000704700000000000000000000000000002D
:10AC70009FED030B20EE000B70470000000000006A
:10AC8000000000000000001030EE000A704730EEB7
:10AC9000200A7047DFED020A80EEA00A704700002C
:10ACA000000000009FED020A20EE000A704700003D
:10ACB000000000102DE9F0014FF07F42B2EB410F90
:10ACC0009FBF4FF0FF310160BDE8F00170474FF0CA
:10ACD000004242EA0123C1F3C752783A551112F0FB
:10ACE0001F0C434CCCF120067C44C1F3C752A2F1A7
:10ACF00078024FEA621204EB820254F8254008BF42
:10AD0000D2E9015612D0556804FA0CF425FA06F778
:10AD10003C43976805FA0CF527FA06F8D26807FA5B
:10AD20000CFCF24045EA08054CEA0206A4FB034C81
:10AD3000A5FB0352A6FB03631D449D4234BF0126BD
:10AD400000261319334416B1934202D903E093420B
:10AD500001D2012200E00022624402F1200C92069E
:10AD6000DC0C42EA443200EE102A5B03DFED210ADC
:10AD7000F8EEC01A00EE103A4FEA9C1C11F0004F9A
:10AD8000B8EE400AC0F800C020EE201A00EE105ABB
:10AD9000DFED190AB8EE400A20EE200A71EE810AB2
:10ADA00070EE800A10EE902A02F500626FF30B023B
:10ADB00000EE902A70EEE11A31EEC11ADFED101AA2
:10ADC00030EE411A9FED0D0A20EE800A01EE210AB5
:10ADD0009FED0C1A00EE810A04BFBDE8F001704738
:10ADE000CCF180510160BDE8F001B1EE400A70473E
:10ADF000CC070000000000360000802C22AAFD29AC
:10AE0000DB0FC92F0000C92FF0B546684C685568A4
:10AE100003880F88BB4209D140884988884205D100
:10AE200011888B4202D15188884202D06FF0020013
:10AE3000F0BD434308E0B6EC010AF4EC010A30EE41
:10AE4000200AA5EC010A5B1E002BF4D10020F0BD06
:10AE500001804280436070472DE9F34F83B003982F
:10AE6000D0F80490486802900398B0F800800398E6
:10AE70004288DFED7C0AB0EE600A00200190904528
:10AE800005D108884988884201D1804504D06FF0F7
:10AE9000020005B0BDE8F08F0299404613E0A8EB30
:10AEA000000302E0E1EC010A5B1E002BFAD1B7EED1
:10AEB000001AA1EC011A431E02E0E1EC010A5B1E3C
:10AEC000002BFAD1401E0028E9D100920024A5E011
:10AED00004FB02F009EB80031E46029901EB80059A
:10AEE0002F46D3ED000AF5EEC00AF1EE10FA35D187
:10AEF0004FF0010CA8EB040A2EE002FB0CF003EB70
:10AF0000800105EB800091ED000AB5EEC00AF1EE7C
:10AF100010FA1FD0A2EB040C09E091ED000A93EDAA
:10AF2000001AA1EC011AA3EC010AACF1010CBCF16E
:10AF3000000FF2D1114608E090ED000A95ED001ADD
:10AF4000A0EC011AA5EC010A491E0029F4D1012048
:10AF5000019003E00CF1010CE245CED801980128E4
:10AF600007D0F5EEC00AF1EE10FA02D16FF004003E
:10AF70008FE7B246BB465F4656469AED000A101B65
:10AF8000864606E0D6ED000A80EE801AA6EC011A8D
:10AF9000401E0028F6D1104606E0D7ED000A80EEEC
:10AFA000801AA7EC011A401E0028F6D148460299E3
:10AFB000002543462AE0A54204D100EB8E0001EBB8
:10AFC00082011FE090ED000A56465F46F44609E014
:10AFD000D0ED000AB6EC011A40EE410AE0EC010A9D
:10AFE000ACF1010CBCF1000FF2D1164608E0D1ED36
:10AFF000000AB7EC011A40EE410AE1EC010A761EA4
:10B00000002EF4D100EB84005B1E6D1C002BD2D10E
:10B0100009F104090098401E0090641C0098002863
:10B020007FF456AF01990129A2D0B5EEC00AF1EE26
:10B0300010FA9DD103994B68002108FB02F809E042
:10B0400003EB810292ED000AB5EEC00AF1EE10FAB0
:10B0500002D1491C8845F3D8884589D16FF0040096
:10B0600017E70000000000002DE9F04F4768D1F815
:10B070000490D2F804A0B0F800C04E88B0F802B036
:10B080004FF000080888834505D113889C4502D1FC
:10B090005288964203D06FF00200BDE8F08FDFEDDA
:10B0A000141A0AEB880235464868B0EE610A3B463E
:10B0B0005C4608E0F3EC010A90ED001A00EE810A0C
:10B0C00000EB8600641E002CF4D1A2EC010A6D1E78
:10B0D000701B09EB8000002DE7D1B04407EB8B0714
:10B0E000ACF1010CBCF1000FDBD10020D5E7000072
:10B0F00000000000F0B546684C68556803880F886A
:10B10000BB4209D140884988884205D111888B42C9
:10B1100002D15188884202D06FF00200F0BD434353
:10B1200008E0B6EC010AF4EC010A30EE600AA5EC86
:10B13000010A5B1E002BF4D10020F0BDF0B542687F
:10B140004E68058847882B4600244888854202D1EE
:10B1500009888F4202D06FF00200F0BD06EB840137
:10B16000384606E0B2EC010A81ED000A01EB8501E8
:10B17000401E0028F6D1641C5B1E002BEED1F0BDF2
:10B1800082B0CDE9000121F0004001909DED000B5F
:10B1900002B051EC100B7047F6EE000A60EE200A88
:10B1A00010EE100A0649A1EB600000EE100A20EE36
:10B1B000801AF7EE080A41EE400A20EE800A704736
:10B1C000DF59375FF8F7D2FAFEF75EF8FDF7AAFB12
:10B1D000FDF7B8FAFDF73CFBFDF76EFBFDF730FD20
:10B1E000FDF766FDFDF798FDFDF7CAFDFDF7C0FC14
:10B1F000FDF716FCFDF788FCFDF7EEFCFDF73CFCC7
:10B20000FDF768FCFBF7E8FDFEE710B500EE100A5D
:10B210002DED028BB1EEC08A18EE100A20F000402E
:10B22000C0F1FF40C00F0AD010EE100A20F000401D
:10B23000C0F1FF40C00F04BF0120F5F763FA18EE1C
:10B24000100ABDEC028B10BD4FF04070E1EE100A09
:10B250007047000000000102030401020304060716
:10B26000080900000000803F00000000000000000E
:10B27000000000000000803F00000000000000000F
:10B28000000000000000803F0000000000000000FF
:10B290000000803F0000000000000000C3F51C41DA
:10B2A0000000803F000000000000000000000000DF
:10B2B0000000000000000000000000000000803FCF
:10B2C000000000000000000000000000000000007E
:10B2D00000000000000000000000803F00000000AF
:10B2E000000000000000000000000000000000005E
:10B2F000000000000000803F00000000000000008F
:10B30000000000000000000000000000000000003D
:10B310000000803F0000000000000000000000006E
:10B320000000000000000000000000000000803F5E
:10B330000001020304050607080C10141820304011
:10B3400000000000000000000000000000000000FD
:10B3500000000000010000000200000003000000E7
:10B3600004000000000000000500000000000000D4
:10B3700000000000000000000600000000000000C7
:10B38000000000000000000007000000000610168A
:10B3900000061016010002000400060008000A0062
:10B3A0000C0010002000400080000001010101039A
:10B3B0000701000008040204080101010000000068
:10B3C0004C5555555555A53F7751C1166CC156BFC3
:10B3D0009015CB19A001FA3EAD529C804F7E92BED3
:10B3E000C4B1B4BD9EEE213ED43888BEE9FAA8BDF2
:10B3F00000004054FB21F93F3163621A61B4D03D33
:10B400000000601A61B4D03D7370032E8A19A33B0B
:10B410000000002E8A19A33BC14920259A837B395D
:10B4200000000000000000006E83F9A22915444EC0
:10B43000D15727FCC0DD34F5999562DB4190433C40
:10B44000AB6351FE61C5BBDE3A6E24B7E0D24D421C
:10B45000EA2E49061C92D1091CEB1DFE3EA729B11C
:10B46000F53582E88444BB2E26709CE9417E5FB4AA
:10B4700039D69139F43953838B5F849C3B28F9BDCD
:10B48000FF97F81F0F9805DE8B112FEF1F6D0A5ADB
:10B49000CF7E366DB709CB27663F464F2DEA5F9EBC
:10B4A000C7BA27757BF1E5EBF739073DEA92528A77
:10B4B000B15FFB6B085D8D1F000000006E83F9A279
:10B4C0002915444ED15727FCC0DD34F5999562DB30
:10B4D0004190433CAB6351FEA6F810111111813F1E
:10B4E000D561C119A0012ABF7DFEB157E31DC73E3A
:10B4F000EB9C2B8AE6E55ABE7CD5CF5A3AD9E53D7E
:10B5000020B5000800000024B8020000D4020008A2
:10B5100094B50008B8020024081D0000300300089C
:10B52000512C90D00304134C0423241039040186B9
:10B530004370170009403333EB3A58A08B3A13118C
:10B540000F1B08550401161B0258F8D1134C0402B6
:10B5500015240A14082C157D04017C180E0240AB3A
:10B56000034101055308065804076D1510810911A0
:10B57000160A15800B1605AD0C18010D080812509F
:10B58000C347CDCCCC3D0409531C110B1AC8421C37
:04B590003201721002
:040000050800029954
:00000001FF
